/*--------------------------------*- C++ -*----------------------------------*\
  =========                 |
  \\      /  F ield         | OpenFOAM: The Open Source CFD Toolbox
   \\    /   O peration     | Website:  https://openfoam.org
    \\  /    A nd           | Version:  11
     \\/     M anipulation  |
\*---------------------------------------------------------------------------*/
FoamFile
{
    format      ascii;
    class       faceSet;
    location    "constant/polyMesh/sets";
    object      layerFaces;
}
// * * * * * * * * * * * * * * * * * * * * * * * * * * * * * * * * * * * * * //


34100
(
786433 
851972 
851976 
786442 
851980 
786446 
851984 
786450 
786454 
851991 
851994 
851997 
786461 
852000 
786464 
786467 
852005 
786470 
852010 
786475 
852015 
786480 
852020 
786485 
786490 
852029 
852033 
786499 
852037 
786502 
852041 
786505 
786508 
852048 
786513 
852052 
786518 
852056 
786523 
852060 
786528 
852067 
852071 
786537 
852075 
786541 
852079 
786545 
786549 
852086 
852089 
852092 
786556 
852095 
786559 
786562 
852100 
786565 
852104 
786570 
852108 
786575 
852112 
786580 
852119 
786585 
852123 
852127 
786594 
852131 
786597 
786600 
852138 
786603 
852141 
852144 
786608 
852147 
786611 
786614 
852152 
786617 
852156 
786622 
852160 
786627 
852164 
786632 
852171 
786637 
852175 
852179 
786646 
852183 
786649 
786652 
852190 
786655 
852193 
852196 
786660 
852199 
786665 
852204 
786670 
852207 
852210 
786675 
852213 
852218 
786684 
852222 
786688 
852226 
786692 
852230 
786696 
852237 
786703 
852241 
786706 
852245 
786709 
786712 
852249 
786717 
852256 
786722 
852259 
852262 
786727 
852265 
786732 
852270 
852275 
786741 
852280 
786744 
786747 
852285 
786750 
786755 
852294 
786761 
852298 
852302 
852306 
786770 
786774 
852313 
786778 
852317 
786782 
852321 
852325 
786789 
786792 
786795 
852332 
786798 
852336 
786803 
852340 
852344 
786808 
786813 
852351 
852354 
786818 
852357 
852360 
786827 
852365 
786830 
852369 
786833 
786836 
852373 
852377 
786841 
786844 
786847 
852384 
786850 
852388 
786855 
852392 
852396 
786861 
786866 
852403 
852406 
852409 
786875 
852412 
786878 
852417 
786881 
852420 
786884 
852423 
786889 
852426 
786893 
852431 
786897 
852434 
852437 
786901 
852440 
786908 
852445 
852448 
786912 
852451 
786916 
852454 
786920 
852459 
852462 
786927 
852465 
786930 
852468 
786933 
786936 
852473 
852476 
786941 
852479 
786945 
852482 
786949 
852487 
786953 
852490 
852493 
852496 
786960 
852501 
786966 
852504 
852507 
852510 
786974 
786978 
852515 
852518 
786982 
852521 
786986 
852524 
852529 
786993 
786996 
852533 
786999 
852538 
787002 
852542 
787007 
852547 
787011 
852550 
787015 
852553 
787019 
852556 
852561 
787026 
852564 
787029 
852567 
787032 
852570 
787035 
852575 
787040 
852578 
787044 
852581 
787047 
852584 
787052 
852589 
852592 
787057 
852595 
787061 
852598 
852603 
787068 
852606 
787072 
852609 
852612 
787076 
787080 
852617 
852621 
787087 
852626 
787092 
852629 
852632 
787097 
852635 
787102 
852640 
852643 
852646 
787111 
852649 
787116 
852654 
787119 
852657 
852660 
787124 
852663 
852668 
787132 
852672 
852676 
787142 
852680 
787145 
787148 
852687 
787151 
852690 
787156 
852693 
852696 
787161 
852701 
787168 
852706 
787173 
852711 
787178 
852716 
787183 
852725 
787192 
852729 
787196 
852733 
787200 
852737 
787204 
852744 
852746 
787211 
852748 
852750 
787216 
852753 
852757 
787221 
852761 
787226 
852765 
787235 
852772 
787238 
852776 
787241 
852780 
787244 
852784 
787249 
852791 
787258 
852795 
852799 
787263 
852803 
787268 
787273 
852810 
852814 
852818 
787282 
787285 
852822 
787288 
787291 
852829 
787296 
852833 
787300 
852837 
787304 
852841 
787308 
852848 
787315 
852852 
852856 
787320 
852860 
787325 
787330 
852867 
852872 
787339 
852877 
787343 
852882 
787347 
787351 
852891 
787358 
852896 
787363 
852901 
787368 
852906 
787373 
852915 
787382 
852920 
787386 
852925 
787390 
852930 
787394 
787401 
852939 
787404 
787407 
852944 
787410 
852949 
787415 
852954 
787419 
787423 
852963 
787427 
852968 
787434 
852973 
787439 
852978 
787444 
787449 
852987 
852992 
787458 
852997 
787461 
787464 
853002 
787467 
787472 
853011 
787476 
853016 
787480 
787484 
853021 
853026 
787491 
787496 
853035 
787501 
853039 
787506 
853043 
853047 
787515 
853054 
787519 
853059 
787523 
787527 
853064 
853069 
787534 
787539 
853078 
787544 
853083 
787549 
853088 
853093 
787558 
787562 
853102 
787566 
787570 
853107 
853112 
787577 
787580 
853117 
787583 
787586 
853126 
787591 
853131 
787595 
787599 
853136 
787603 
853141 
787610 
853150 
787615 
853155 
787620 
853160 
787625 
853165 
787634 
787637 
853174 
787640 
853179 
787643 
853184 
787648 
787652 
853189 
787656 
787660 
853198 
853203 
787667 
853208 
787672 
853213 
787677 
787682 
853222 
853226 
787691 
853230 
787695 
853234 
787699 
787703 
853241 
853246 
787710 
853251 
787715 
853256 
787720 
787725 
853265 
853269 
787734 
853273 
787737 
787740 
853277 
787743 
853284 
787748 
787752 
853289 
787756 
853294 
787760 
853299 
787767 
853308 
787772 
853313 
787777 
853318 
787782 
853323 
787791 
787794 
853332 
787797 
853336 
787800 
853340 
787805 
853344 
787809 
787813 
853351 
787817 
853354 
853357 
853360 
787824 
853365 
787829 
853370 
787834 
853375 
787839 
853380 
787848 
787852 
853389 
787856 
853393 
787860 
853397 
853401 
787867 
853408 
787872 
853412 
787877 
853416 
787882 
853420 
853427 
787891 
853431 
787895 
853435 
787899 
853439 
787903 
853446 
787910 
787913 
853450 
787916 
853454 
787919 
853458 
787924 
787927 
853465 
787930 
853469 
787933 
853473 
787938 
853477 
787942 
787946 
853484 
787950 
853488 
853492 
787957 
853496 
787962 
853503 
787967 
853507 
787972 
853511 
853515 
787981 
787984 
853522 
787987 
853526 
787990 
853530 
787995 
853534 
787999 
788003 
853541 
788007 
853545 
853549 
788014 
853553 
788019 
853560 
788024 
853564 
788029 
853568 
853572 
788038 
788042 
853579 
788046 
853583 
788050 
853587 
853591 
788057 
853598 
788062 
853602 
788067 
853606 
788072 
853610 
853617 
788081 
788085 
853622 
788090 
853627 
788093 
853632 
788098 
788102 
853641 
788106 
853646 
788110 
853651 
788117 
853656 
788128 
853665 
788131 
853670 
788134 
788137 
853675 
788142 
853680 
788147 
853689 
788154 
853694 
788159 
853699 
788164 
853704 
788169 
853713 
788178 
853718 
788182 
788186 
853723 
788190 
853728 
788197 
853737 
788201 
788205 
853742 
788209 
853747 
853752 
788216 
853761 
788225 
853766 
788233 
853771 
853776 
788241 
788244 
788247 
853785 
788250 
853790 
788255 
853795 
788259 
853800 
788264 
788268 
788272 
853809 
788276 
853814 
853819 
788283 
788286 
853824 
788289 
788292 
853833 
788297 
788301 
853838 
788305 
853843 
788309 
853848 
788316 
853857 
788321 
853862 
788326 
853867 
788331 
853872 
788340 
788343 
853881 
788346 
788349 
853886 
788354 
853891 
788358 
853896 
788362 
788366 
853905 
788373 
853910 
788378 
853915 
788383 
853920 
788388 
853929 
788397 
853934 
788401 
853939 
788405 
853944 
788409 
788416 
853953 
788421 
853958 
788426 
853963 
788431 
853968 
788440 
853977 
788443 
853982 
788446 
788449 
853987 
788454 
853992 
788458 
788462 
854001 
788466 
854006 
788473 
854011 
788478 
854016 
788483 
788488 
854025 
854030 
788497 
854035 
788501 
854040 
788505 
788509 
854049 
788516 
854054 
788521 
854059 
788526 
854064 
788531 
854073 
788540 
854078 
788543 
788546 
854083 
788549 
854088 
788554 
788558 
854097 
788562 
854102 
788566 
854107 
788573 
854112 
788578 
788583 
854121 
854124 
788588 
854127 
854130 
788597 
854135 
788601 
854139 
788605 
854143 
788609 
854147 
788616 
854154 
788621 
854158 
788626 
854163 
854167 
788631 
854170 
854175 
788640 
788644 
854181 
788648 
788652 
854190 
854195 
788659 
854199 
788663 
788667 
854206 
788671 
854208 
854210 
854212 
788678 
854215 
788681 
854218 
788684 
854221 
788687 
854224 
788692 
854229 
854231 
788696 
854233 
854235 
788700 
854238 
788704 
854242 
854246 
788711 
854250 
788715 
788719 
854257 
788723 
854261 
854266 
788730 
854270 
788735 
854273 
788740 
854278 
788745 
854283 
854288 
788754 
854293 
788757 
788760 
788763 
854302 
788768 
854306 
788772 
854310 
788776 
854314 
788780 
854321 
854323 
788787 
854325 
854327 
788791 
854330 
788795 
854333 
788799 
854336 
854339 
788806 
854344 
854347 
788811 
854350 
788816 
854353 
788821 
854358 
854362 
854366 
788830 
788833 
854370 
788836 
788839 
854377 
854380 
788844 
854383 
788848 
854386 
788852 
854391 
788856 
854394 
854397 
788863 
854400 
788867 
854405 
788871 
854409 
788875 
854413 
854417 
788882 
788887 
854424 
854428 
788892 
854432 
788897 
854436 
788906 
854443 
854445 
788909 
854447 
788912 
854449 
788915 
854452 
854455 
788920 
854458 
788924 
854461 
788928 
854466 
854468 
788932 
854470 
854472 
854475 
788939 
854479 
788943 
854483 
788947 
854487 
788951 
854494 
788958 
854497 
788963 
854500 
854503 
788968 
854508 
788973 
854511 
854514 
854517 
788982 
788985 
854522 
788988 
854526 
788991 
854530 
788996 
854534 
789000 
789004 
854541 
789008 
854545 
854549 
789015 
854553 
789019 
789023 
854560 
854562 
789027 
854564 
854566 
854569 
789034 
854572 
854575 
789039 
854578 
789044 
854583 
854585 
789049 
854587 
854589 
854592 
789058 
854596 
789061 
854600 
789064 
789067 
854604 
789072 
854611 
789076 
854614 
789080 
854617 
854620 
789084 
854625 
789091 
854628 
854631 
789095 
854634 
789099 
854639 
789103 
854644 
789110 
854649 
789115 
854654 
789120 
789125 
854663 
854667 
789134 
854671 
789137 
854675 
789140 
789143 
854682 
854684 
789148 
854686 
854688 
789152 
854691 
789156 
854694 
789160 
854697 
854700 
789167 
854705 
789171 
854708 
854711 
789175 
854714 
789179 
854719 
789186 
854723 
854727 
789191 
854731 
789196 
789201 
854738 
854741 
854744 
789210 
854747 
789213 
854752 
789216 
854755 
789219 
854758 
789224 
854761 
789227 
854766 
789230 
789233 
854770 
854774 
789238 
854778 
789242 
789246 
854785 
789250 
854789 
854793 
789257 
854797 
789261 
789265 
854804 
789269 
854806 
854808 
854810 
789276 
854813 
789279 
854816 
789282 
854819 
789285 
854822 
789290 
854827 
854829 
789294 
854831 
854833 
789298 
854836 
789302 
854839 
854842 
854845 
789309 
789312 
854850 
789315 
854853 
789318 
854856 
854859 
789323 
789327 
854864 
854867 
789331 
854870 
789335 
854873 
854878 
789342 
789345 
854884 
789348 
789351 
789356 
854893 
789360 
854898 
789364 
854902 
789368 
854909 
854911 
789375 
854913 
789378 
854915 
789381 
854918 
789384 
854921 
854924 
789389 
854927 
789393 
854932 
789397 
854935 
789401 
854938 
854941 
789408 
854946 
789411 
854949 
789414 
854952 
789417 
854955 
789422 
854960 
789426 
854964 
789430 
854969 
789434 
854973 
854976 
789441 
789444 
854981 
789447 
854985 
789450 
854990 
789455 
854994 
789459 
854997 
789463 
855002 
789467 
855004 
855006 
855008 
789474 
855011 
855013 
789477 
855015 
789480 
855017 
789483 
855020 
855023 
789488 
855026 
789492 
855029 
789496 
855034 
789500 
855038 
855042 
789507 
855046 
789510 
789513 
789516 
855053 
855057 
789521 
789524 
855061 
789527 
855065 
789530 
789535 
855072 
789540 
855077 
789545 
855082 
789550 
855087 
789559 
855096 
789562 
855099 
789565 
855102 
789568 
855105 
789573 
855110 
855114 
789578 
855118 
789583 
855122 
789588 
855129 
855132 
789597 
855135 
855138 
789602 
855143 
789607 
855148 
789612 
855151 
855154 
855157 
789621 
789624 
855162 
789627 
855166 
789630 
855170 
789635 
855174 
789640 
855181 
789645 
855185 
789650 
855189 
855193 
789659 
789662 
855200 
789665 
789668 
855205 
789673 
855210 
789678 
855215 
789683 
855224 
789688 
855227 
855230 
855233 
789697 
855238 
789702 
855241 
789707 
855244 
855247 
789712 
855252 
855256 
789721 
855260 
789724 
789727 
855264 
789730 
855271 
789735 
855274 
789740 
855277 
855280 
789745 
855285 
789750 
855287 
855289 
855291 
855294 
789759 
855297 
789762 
855300 
789765 
855303 
789768 
855308 
789773 
855311 
855314 
789778 
855317 
789783 
855322 
789788 
855326 
855330 
789797 
855334 
789802 
855341 
789807 
855345 
789812 
855349 
855353 
789821 
855360 
789824 
789827 
855365 
789830 
855370 
789835 
855375 
789840 
789845 
855384 
789850 
855387 
855390 
855393 
789859 
855398 
789862 
789865 
855402 
789868 
855406 
789873 
855410 
789878 
855417 
855419 
789883 
855421 
855423 
789888 
855426 
855428 
855430 
855432 
789897 
855435 
789901 
855438 
855441 
789905 
855444 
789909 
855449 
789916 
855453 
789919 
855457 
789922 
855461 
789925 
789930 
855468 
789934 
855472 
789938 
855476 
789942 
855480 
789949 
855487 
789952 
789955 
855492 
789958 
855497 
789963 
855502 
789966 
789969 
789972 
855511 
789977 
855514 
855517 
789982 
855520 
789987 
855525 
789992 
855529 
855533 
855537 
790001 
790004 
790007 
855544 
790010 
855547 
855550 
790015 
855553 
790018 
790021 
855558 
790024 
855561 
855564 
790029 
855567 
790034 
855572 
790039 
855576 
855580 
790044 
855584 
790053 
855591 
790056 
855595 
790059 
790062 
855599 
855603 
790067 
790070 
790073 
855610 
790076 
855615 
790081 
855620 
790086 
855625 
790091 
790096 
855634 
855637 
855640 
790105 
855643 
790108 
790111 
855648 
855650 
790114 
855652 
855654 
790119 
855657 
790122 
855661 
790125 
790128 
855665 
855669 
790133 
790138 
855676 
855679 
790143 
855682 
790148 
855685 
855690 
855692 
790157 
855694 
855696 
790160 
855699 
790163 
855701 
790166 
855703 
855705 
790171 
855708 
790174 
855711 
790177 
855714 
790180 
855717 
790185 
855722 
855726 
790190 
855730 
790195 
855734 
790200 
855741 
855745 
790209 
790212 
855749 
790215 
855753 
790218 
790223 
855760 
790226 
855765 
790229 
790232 
855770 
790237 
855775 
790242 
790247 
855784 
855787 
790252 
855790 
855793 
790261 
855798 
790264 
855801 
790267 
855804 
790270 
855807 
790275 
855812 
855816 
790280 
855820 
790285 
855824 
790290 
855831 
855835 
790299 
790302 
855839 
790305 
855843 
790308 
790313 
855850 
790316 
855853 
790319 
855856 
790322 
855859 
790327 
855864 
790331 
855868 
790335 
855872 
790339 
855876 
790346 
855883 
790350 
855887 
790354 
855891 
790358 
855895 
790365 
855902 
790370 
855907 
790375 
855912 
790380 
855917 
790389 
855926 
790392 
855929 
790395 
855932 
790398 
855935 
790403 
855940 
855943 
790407 
855946 
790411 
855949 
790415 
855954 
855958 
790422 
855962 
790426 
855966 
790430 
790434 
855973 
790441 
855979 
855982 
790446 
855985 
790451 
855988 
790456 
855993 
855997 
856001 
790465 
790468 
856005 
790471 
790474 
856012 
856015 
790479 
856018 
790483 
856021 
790487 
856026 
790491 
856030 
856034 
790498 
856038 
790502 
790506 
856045 
790510 
856048 
856051 
790517 
856054 
790522 
856059 
856062 
790527 
856065 
856068 
790532 
856073 
856076 
790541 
856079 
790544 
856082 
790547 
790550 
856087 
856090 
790555 
856095 
790559 
856098 
790563 
856101 
790567 
856104 
856109 
790574 
856112 
790578 
856115 
856118 
790582 
790586 
856123 
856127 
790593 
856131 
790598 
856135 
790603 
856142 
790608 
856146 
856150 
790617 
856154 
790620 
790623 
856161 
790626 
856163 
856165 
856167 
790631 
856170 
790635 
856172 
856174 
790639 
856176 
856179 
790643 
856182 
856185 
790650 
856188 
790654 
856193 
790658 
856195 
856197 
790662 
856199 
856202 
790669 
856206 
856210 
790674 
856214 
790679 
790684 
856221 
856224 
856227 
790693 
856230 
790696 
856235 
790699 
856238 
790702 
856241 
790707 
856244 
790711 
856249 
856251 
790715 
856253 
856255 
790719 
856258 
856262 
790726 
856266 
790730 
856270 
790734 
790738 
856277 
856279 
856281 
790745 
856283 
856286 
790750 
856288 
856290 
790755 
856292 
856295 
790760 
856298 
856301 
856304 
790769 
790772 
856309 
856311 
790775 
856313 
790778 
856315 
856318 
790783 
856322 
790787 
856326 
790791 
856330 
790795 
856337 
790802 
856340 
790806 
856343 
856346 
790810 
790814 
856351 
856354 
856357 
790821 
856360 
790826 
856365 
790831 
856369 
790836 
856373 
856377 
790845 
856384 
790848 
856386 
790851 
856388 
856390 
790854 
856393 
790859 
856396 
856399 
790863 
856402 
790867 
856407 
790871 
856409 
856411 
856413 
790878 
856416 
856418 
790882 
856420 
856422 
790886 
856425 
790890 
856428 
856431 
790897 
856434 
790901 
856439 
856441 
790905 
856443 
856445 
790909 
856448 
856452 
790916 
790919 
856456 
790922 
856460 
790925 
790930 
856467 
856469 
790933 
856471 
790936 
856473 
790939 
856476 
856478 
856480 
790944 
856482 
790948 
856485 
856488 
790952 
856491 
790956 
856494 
856499 
790963 
856503 
790968 
856507 
790973 
856511 
790978 
856518 
856520 
856522 
790987 
856524 
856527 
790991 
856529 
856531 
790995 
856533 
790999 
856536 
856539 
856542 
791006 
856545 
791011 
856550 
791016 
856553 
856556 
791021 
856559 
856564 
856566 
791030 
856568 
856570 
791034 
856573 
791038 
856576 
791042 
856579 
856582 
791049 
856587 
856588 
856589 
856590 
791054 
856591 
856594 
791059 
856597 
856600 
791064 
856605 
856609 
791073 
856613 
791078 
856617 
791083 
856624 
791088 
856626 
856628 
856630 
856633 
791097 
856637 
791101 
856641 
791105 
856645 
791109 
856652 
791116 
856655 
791120 
856658 
791124 
856661 
791128 
856666 
856669 
791135 
856672 
856675 
791140 
856680 
791145 
856683 
856686 
791150 
856689 
856694 
791159 
856697 
791162 
856700 
791165 
856703 
791168 
856708 
791173 
856711 
791177 
856714 
856717 
791181 
791185 
856722 
856726 
791192 
856730 
791196 
856734 
791200 
791204 
856741 
856743 
856745 
856747 
791211 
856750 
791216 
856754 
791221 
856758 
856762 
791226 
856769 
791235 
856772 
791238 
856775 
791241 
856778 
791244 
856783 
791249 
856786 
856789 
791253 
856792 
791257 
856797 
791261 
856800 
856803 
791268 
856806 
791272 
856811 
791276 
856813 
856815 
791280 
856817 
856820 
856823 
791287 
856826 
791292 
856829 
791297 
856834 
856836 
856838 
791302 
856840 
856843 
856846 
791311 
856849 
791314 
856852 
791317 
791320 
856857 
856860 
791325 
856863 
791329 
856866 
791333 
856871 
856873 
791337 
856875 
856877 
856880 
791344 
856883 
791348 
856886 
791352 
856889 
791356 
856894 
856896 
856898 
791363 
856900 
856903 
791368 
856906 
856909 
791373 
856912 
791378 
856917 
856920 
856923 
791387 
856926 
791390 
791393 
856931 
791396 
856933 
856935 
856937 
791401 
856940 
791405 
856942 
856944 
791409 
856946 
856949 
791413 
856952 
856955 
791420 
856958 
791424 
856963 
791428 
856966 
791432 
856969 
856972 
791439 
856977 
856979 
791444 
856981 
856983 
791449 
856986 
856989 
791454 
856992 
856995 
791463 
857000 
857002 
791466 
857004 
791469 
857006 
791472 
857009 
857011 
857013 
791477 
857015 
791481 
857018 
857020 
791485 
857022 
857024 
791489 
857027 
857029 
857031 
791496 
857033 
857036 
791500 
857039 
791504 
857042 
791508 
857045 
857050 
791515 
857055 
791520 
857060 
791525 
857065 
791530 
857074 
791539 
857078 
791542 
791545 
857082 
791548 
857086 
791553 
857093 
791557 
857096 
791561 
857099 
791565 
857102 
857107 
791572 
857112 
791576 
791580 
857117 
791584 
857122 
791591 
857131 
791596 
857134 
857137 
791601 
857140 
791606 
857145 
857150 
791615 
791618 
857155 
791621 
857160 
791624 
791629 
857169 
791633 
857172 
791637 
857175 
791641 
857178 
857183 
791648 
857187 
791652 
857191 
791656 
857195 
791660 
857202 
791667 
857205 
857208 
791672 
857211 
791677 
857216 
791682 
857221 
857226 
791691 
791694 
857231 
791697 
791700 
857240 
791705 
857243 
791709 
857246 
857249 
791713 
791717 
857254 
857257 
857260 
791724 
857263 
791728 
857268 
791732 
791736 
857273 
857278 
791743 
857283 
791748 
791753 
857292 
857294 
791758 
857296 
857298 
857301 
791767 
857305 
791770 
857309 
791773 
791776 
857313 
791781 
857320 
791785 
857323 
791789 
857326 
857329 
791793 
857334 
791800 
857339 
791804 
857344 
791808 
791812 
857349 
791819 
857358 
857360 
791824 
857362 
857364 
791829 
857367 
857370 
791834 
857373 
857376 
791843 
857381 
791846 
791849 
857386 
791852 
857391 
791857 
857396 
791861 
791865 
857405 
791869 
857408 
857411 
791876 
857414 
791880 
857419 
791884 
857423 
791888 
857427 
857431 
791895 
791900 
857438 
857440 
791905 
857442 
857444 
791910 
857447 
857450 
857453 
791919 
857456 
791922 
857461 
791925 
791928 
857466 
791933 
857471 
791937 
857476 
791941 
791945 
857485 
857488 
791952 
857491 
791956 
857494 
791960 
857499 
791964 
857502 
857505 
791971 
857508 
791976 
857513 
857516 
791981 
857519 
857522 
791986 
857527 
791995 
857532 
791998 
857537 
792001 
792004 
857542 
792009 
792013 
857551 
792017 
857554 
857557 
792021 
857560 
792028 
857565 
857567 
792032 
857569 
857571 
792036 
857574 
792040 
857577 
857580 
857583 
792047 
857588 
792052 
857593 
792057 
857598 
792062 
857603 
792071 
792074 
857612 
792077 
857615 
792080 
857618 
857621 
792085 
792089 
857626 
857628 
792093 
857630 
857632 
792097 
857635 
857638 
792104 
857641 
857644 
792108 
792112 
857649 
792116 
857654 
857659 
792123 
857664 
792128 
792133 
857673 
792138 
857676 
857679 
857682 
792147 
792150 
857687 
792153 
857690 
792156 
857693 
857696 
792161 
857701 
792165 
857704 
792169 
857707 
792173 
857710 
857715 
792180 
857720 
792184 
792188 
857725 
792192 
857730 
792199 
857739 
792203 
857742 
792207 
857745 
792211 
857748 
857753 
792218 
857756 
792221 
857759 
792224 
857762 
792227 
857767 
792232 
857770 
792235 
857773 
792238 
857776 
792241 
857781 
792246 
857786 
792250 
792254 
857791 
792258 
857796 
792265 
857805 
792269 
857808 
792273 
857811 
792277 
857814 
857819 
792284 
857821 
857823 
792287 
857825 
792290 
857828 
792293 
857831 
857834 
792298 
857837 
792301 
792304 
857842 
792307 
857847 
792312 
857852 
792316 
792320 
857857 
792324 
857866 
792331 
857869 
792335 
857872 
857875 
792339 
792343 
857880 
857883 
857886 
792350 
857889 
792355 
857894 
792360 
857897 
857900 
792365 
857903 
857908 
792374 
857912 
792378 
857916 
792382 
857920 
792386 
857927 
792393 
857930 
792396 
857933 
792399 
857936 
792402 
857941 
792407 
857944 
792409 
857947 
792411 
792413 
857950 
792416 
857955 
792419 
792422 
857960 
792425 
857965 
792430 
857970 
792434 
792438 
792442 
857979 
857982 
857985 
792449 
857988 
792454 
857993 
857995 
792459 
857997 
857999 
792464 
858002 
858006 
792473 
858010 
792476 
858014 
792479 
792482 
858021 
858023 
792487 
858025 
792490 
858027 
792493 
858030 
792496 
858033 
858036 
792501 
858039 
792503 
792505 
792507 
858044 
792510 
858047 
792513 
858050 
792516 
858053 
792519 
858058 
792524 
858063 
792528 
858068 
792532 
792536 
858073 
792543 
858082 
792548 
858085 
858088 
792553 
858091 
792558 
858096 
858101 
792567 
858106 
792570 
792573 
858111 
792576 
792581 
858120 
792586 
858123 
858126 
792591 
858129 
792596 
858134 
858137 
858140 
792605 
858143 
792610 
858148 
858150 
792615 
858152 
858154 
792620 
858157 
858162 
792629 
858167 
792632 
792635 
858172 
792638 
792643 
858181 
792646 
858184 
792649 
858187 
792652 
858190 
792657 
858195 
792661 
858198 
858201 
792665 
858204 
792669 
858209 
858212 
792676 
858215 
792680 
858218 
792684 
858223 
792688 
858226 
858229 
792695 
858232 
792700 
858237 
792705 
858242 
792710 
858247 
858252 
792719 
792723 
858261 
792727 
858264 
858267 
792731 
858270 
792738 
858275 
792741 
858280 
792744 
792747 
858285 
792752 
858290 
792755 
792758 
792761 
858299 
858302 
792766 
858305 
792770 
858308 
792774 
858313 
792778 
858316 
858319 
792785 
858322 
792789 
858327 
858329 
792793 
858331 
858333 
792797 
858336 
858340 
792804 
858344 
792809 
858348 
792814 
858355 
792819 
858358 
858361 
858364 
792828 
792831 
858369 
792834 
858372 
792837 
858375 
858378 
792842 
792845 
858383 
792848 
858386 
792851 
858389 
858392 
792856 
858397 
792861 
858402 
792866 
858407 
792871 
858412 
792880 
858421 
792885 
858424 
792890 
858427 
858430 
792895 
858435 
858440 
792904 
792907 
858445 
792910 
792913 
858450 
792918 
792921 
858459 
792924 
858462 
792927 
858465 
858468 
792932 
792936 
858473 
858475 
792940 
858477 
858479 
792944 
858482 
858487 
792951 
792955 
858492 
792959 
858497 
792963 
858506 
792970 
858509 
792975 
858512 
858515 
792980 
858520 
792985 
858522 
858524 
858526 
858529 
792994 
858532 
792998 
858535 
858538 
793002 
793006 
858543 
858546 
858549 
793013 
858552 
793016 
793019 
858557 
793022 
858562 
793027 
793030 
858567 
793033 
858572 
793036 
793041 
858581 
793045 
858584 
793049 
858587 
793053 
858590 
858595 
793060 
858600 
793064 
793068 
858605 
793072 
858610 
793079 
858619 
793084 
858622 
858625 
793089 
858628 
793094 
858633 
858636 
858639 
793103 
858642 
793106 
793109 
858647 
793112 
858649 
858651 
858653 
793117 
858656 
793120 
793123 
858661 
793126 
858666 
793131 
858671 
793136 
793141 
858680 
793146 
858683 
858686 
858689 
793155 
858694 
858696 
793160 
858698 
858700 
793165 
858703 
858706 
793170 
858709 
858712 
793179 
858717 
793182 
858720 
793185 
858723 
793188 
858726 
793193 
858731 
793196 
793199 
858736 
793202 
858741 
793207 
858746 
793211 
793215 
858755 
793219 
858758 
858761 
793226 
858764 
793230 
858769 
793234 
858774 
793238 
858779 
793245 
858784 
793250 
793255 
858793 
858796 
793260 
858799 
858802 
793269 
858807 
793273 
858810 
858813 
793277 
858816 
793281 
858821 
858823 
793288 
858825 
858827 
793291 
858830 
793294 
858833 
793297 
858836 
793302 
858839 
793305 
858844 
793308 
858847 
793311 
858850 
793316 
858853 
793320 
858858 
793324 
858861 
858864 
793328 
858867 
793335 
858872 
793339 
858877 
793343 
858882 
793347 
858887 
793354 
793359 
858896 
858899 
793364 
858902 
858905 
793369 
858910 
793378 
858915 
793381 
858920 
793384 
793387 
858925 
793392 
793397 
858934 
858937 
793402 
858940 
858943 
793407 
858948 
858950 
858952 
793416 
858954 
858957 
793421 
858962 
793426 
858967 
793431 
858972 
793440 
793443 
858981 
793446 
858984 
793449 
858987 
858990 
793454 
793457 
858995 
793460 
858998 
793463 
859001 
859004 
793468 
793472 
859009 
859012 
793476 
859015 
793480 
859018 
859023 
793487 
859026 
793491 
859029 
793495 
859032 
793499 
859037 
859042 
793506 
859047 
793511 
859052 
793516 
793521 
859061 
859064 
793530 
859067 
859070 
793534 
793538 
859075 
793542 
859079 
859083 
793549 
859087 
793552 
793555 
859094 
793558 
859097 
793563 
859100 
793566 
859103 
793569 
859108 
793572 
859111 
793577 
859114 
859117 
793581 
793585 
859122 
859124 
793589 
859126 
859128 
859131 
793596 
859134 
793600 
859137 
859140 
793604 
793608 
859145 
859147 
859149 
859151 
793615 
859154 
793620 
859157 
859160 
793625 
859163 
793630 
859168 
859171 
859174 
793639 
859177 
793642 
793645 
859182 
793648 
859186 
793653 
859190 
859194 
793658 
793663 
859201 
859203 
793668 
859205 
859207 
859210 
793677 
859215 
793682 
859220 
793687 
859225 
793692 
859234 
859236 
793701 
859238 
859240 
793704 
859243 
793707 
859245 
793710 
859247 
859249 
793715 
859252 
793718 
859255 
793721 
859258 
793724 
859261 
793729 
859266 
859269 
793733 
859272 
793737 
859275 
793741 
859280 
859284 
793748 
859288 
793752 
859292 
793756 
793760 
859299 
859302 
793767 
859305 
859308 
793772 
859313 
793777 
859317 
793782 
859321 
859325 
793791 
793795 
859332 
859335 
793799 
859338 
793803 
859341 
859346 
793810 
793813 
859350 
793816 
859354 
793819 
859358 
793824 
793827 
859365 
793830 
859367 
859369 
793833 
859371 
859374 
793838 
793842 
859379 
793846 
859384 
793850 
859389 
793857 
793861 
859398 
859401 
793865 
859404 
793869 
859407 
859412 
793876 
859415 
793881 
859418 
859421 
793886 
859426 
793891 
859429 
859432 
859435 
793900 
793903 
859440 
793906 
859443 
793909 
859446 
859449 
793914 
793917 
859454 
793920 
859457 
793923 
859460 
859463 
793928 
859468 
793933 
859472 
793938 
859476 
793943 
859480 
859487 
793952 
859490 
859493 
793957 
859496 
793962 
859501 
793967 
859505 
859509 
793976 
859513 
793979 
793982 
859520 
793985 
859523 
859526 
793990 
859529 
793993 
793996 
859534 
793999 
859538 
794004 
859542 
794008 
859546 
794012 
794016 
859553 
859556 
859559 
794023 
859562 
794027 
859567 
794031 
859569 
859571 
794035 
859573 
859576 
794042 
859580 
794047 
859584 
859588 
794052 
794057 
859595 
859597 
859599 
859601 
794066 
859604 
859606 
794070 
859608 
859610 
794074 
859613 
794078 
859616 
859619 
794085 
859622 
794088 
859627 
794091 
794094 
859631 
859635 
794099 
794102 
859639 
794105 
794108 
859646 
859649 
794113 
859652 
794117 
859655 
794121 
859660 
794125 
859663 
859666 
794132 
859669 
794136 
859674 
794140 
859678 
794144 
859682 
859686 
794151 
794156 
859693 
859696 
794161 
859699 
859702 
794166 
859707 
859709 
859711 
794175 
859713 
794178 
859716 
794181 
859720 
794184 
859724 
794189 
859728 
794192 
794195 
794198 
859735 
859738 
794203 
859741 
859744 
794208 
859749 
794213 
859752 
794218 
859755 
859758 
859763 
794227 
859767 
794232 
859771 
794237 
859775 
794242 
859782 
859785 
794251 
859788 
794254 
859791 
794257 
859796 
794260 
859800 
794265 
859804 
794268 
794271 
859808 
794274 
859815 
794279 
859818 
794283 
859821 
794287 
859824 
794291 
859829 
859833 
794298 
859837 
794302 
859841 
794306 
794310 
859848 
859850 
859852 
794317 
859854 
859857 
794322 
859862 
794327 
859867 
794332 
859872 
794341 
859881 
794345 
859884 
794349 
859887 
794353 
859890 
859895 
794360 
859897 
859899 
794363 
859901 
794366 
859904 
794369 
859907 
859910 
794374 
859913 
794377 
794380 
859918 
794383 
859921 
859924 
794388 
859927 
794392 
859932 
794396 
859934 
859936 
794400 
859938 
859941 
794407 
859945 
794411 
859949 
794415 
859953 
794419 
859960 
794426 
859963 
859966 
794431 
859969 
794436 
859974 
859977 
794441 
859980 
859983 
794450 
859988 
794453 
859992 
794456 
794459 
859996 
860000 
794464 
794468 
860007 
794472 
860010 
794476 
860013 
860016 
794483 
860021 
794486 
860023 
860025 
794489 
860027 
794492 
860030 
860035 
794501 
860040 
794507 
860045 
794513 
860054 
794518 
860057 
860060 
860063 
794527 
860068 
794532 
860071 
860074 
794539 
860077 
794542 
860082 
794547 
860085 
794550 
860088 
794552 
860091 
794555 
860096 
794560 
860100 
794565 
860104 
794570 
860108 
860115 
794579 
860119 
794583 
860123 
794587 
860127 
794591 
860134 
794598 
860137 
794601 
860140 
794604 
860143 
794607 
860148 
794612 
794614 
860151 
794616 
860154 
794618 
860157 
794621 
860162 
794626 
860166 
794631 
860170 
794636 
860174 
860181 
794645 
860184 
794649 
860187 
794653 
860190 
794657 
860195 
860197 
860199 
794664 
860201 
794667 
860204 
794670 
860209 
794673 
860214 
794678 
794680 
794682 
860219 
794684 
794687 
860228 
794692 
860230 
860232 
794697 
860234 
860237 
794702 
860239 
860241 
860243 
860246 
794711 
860248 
860250 
794715 
860252 
860255 
794719 
860258 
794723 
860261 
860264 
794730 
860269 
794733 
794736 
860273 
794739 
860277 
794744 
860281 
794746 
794748 
794750 
860288 
794753 
860291 
860294 
794758 
860297 
794763 
860302 
794768 
860306 
860310 
794777 
860314 
794781 
860321 
794785 
860324 
794789 
860327 
860330 
794796 
860335 
794799 
794802 
860339 
794805 
860343 
794810 
860347 
794812 
794814 
794816 
860354 
794819 
860356 
860358 
860360 
794824 
860363 
794829 
860366 
860369 
794834 
860372 
860377 
794843 
860380 
860383 
794847 
860386 
794851 
860391 
794855 
860394 
860397 
794862 
860400 
794865 
794868 
860405 
794871 
860408 
860411 
794876 
860414 
794878 
794880 
794882 
860419 
794885 
860422 
860425 
794890 
860428 
794895 
860433 
860436 
794900 
860439 
860442 
794909 
860447 
794913 
860450 
860453 
794917 
860456 
794921 
860461 
860464 
794928 
860467 
794931 
860470 
794934 
794937 
860475 
794942 
860479 
794944 
794946 
860483 
794948 
860487 
794951 
794956 
860494 
794961 
860499 
794966 
860504 
860509 
794975 
794979 
860518 
794983 
860521 
794987 
860524 
860527 
794994 
860532 
794997 
860536 
795000 
795003 
860540 
860544 
795008 
795010 
795012 
795014 
860551 
795017 
860554 
860557 
795022 
860560 
795027 
860565 
795032 
860570 
860575 
795041 
860580 
795045 
795049 
860589 
795053 
860592 
860595 
795060 
860598 
795063 
795066 
860603 
795069 
860606 
860609 
795074 
860612 
795076 
795078 
795080 
860617 
795083 
860622 
795088 
860627 
795093 
860632 
795098 
860641 
795107 
860645 
795111 
860649 
795115 
860653 
795119 
860660 
860662 
795126 
860664 
795129 
860666 
795132 
860669 
795135 
860672 
860675 
795140 
860678 
795142 
795144 
795146 
860683 
795149 
860688 
795154 
860693 
795159 
860698 
795164 
860707 
795173 
860710 
860713 
795177 
860716 
795181 
860721 
795185 
860724 
860727 
795192 
860730 
795195 
795198 
860735 
795201 
860739 
795206 
860743 
795208 
795210 
860747 
795212 
795215 
860754 
795220 
860759 
795225 
860764 
795230 
860769 
795239 
860778 
795243 
860781 
795247 
860784 
860787 
795251 
860792 
795258 
860795 
795261 
860798 
795264 
860801 
795267 
860806 
795272 
795274 
860811 
795276 
795278 
860816 
795281 
860821 
795286 
795291 
860830 
795296 
860834 
860838 
795305 
860842 
795309 
860849 
795313 
860851 
860853 
795317 
860855 
860858 
795324 
860862 
795327 
860866 
795330 
795333 
860870 
795338 
795340 
860877 
795342 
795344 
860882 
795347 
860887 
860892 
795357 
795362 
860901 
860904 
795369 
860907 
795373 
860910 
795378 
860915 
860919 
795384 
860923 
860927 
795394 
860934 
795398 
860937 
795403 
860940 
860943 
795408 
860948 
795413 
860952 
795418 
860956 
860960 
795427 
860967 
795431 
795435 
860972 
795439 
860977 
860982 
795446 
795450 
795454 
860991 
860994 
795458 
860997 
861000 
795465 
861005 
795470 
861008 
861011 
795477 
861014 
795481 
861019 
795486 
861024 
795492 
861029 
795497 
861034 
795506 
861043 
861046 
795512 
861049 
861052 
861057 
795521 
861061 
795525 
795528 
861065 
861069 
795533 
795537 
861076 
795542 
861080 
795547 
861084 
861088 
795552 
795557 
861095 
861098 
861101 
795566 
861104 
795571 
861109 
795576 
861114 
795581 
861119 
861124 
795590 
795593 
795596 
861133 
795599 
861136 
861139 
795604 
861142 
795607 
795610 
861147 
795613 
861150 
861153 
795618 
861156 
795623 
861161 
795628 
861165 
861169 
795633 
861173 
795642 
861180 
795647 
861185 
795652 
861190 
795657 
861195 
795666 
861204 
795669 
861207 
795672 
861210 
795675 
861213 
795680 
861218 
795683 
861221 
795686 
861224 
795689 
861227 
795694 
861232 
795699 
861237 
795704 
861242 
795709 
861247 
795718 
861256 
861259 
795723 
861262 
795728 
861265 
795733 
861270 
861273 
861276 
795742 
861279 
795745 
861284 
795748 
795751 
861289 
795756 
861294 
795759 
795762 
861299 
795765 
795770 
861308 
861311 
795775 
861314 
795780 
861317 
795785 
861322 
861325 
861328 
795794 
861331 
795799 
861336 
795804 
861341 
795809 
861346 
861351 
795818 
795821 
861360 
795824 
861363 
795827 
861366 
795832 
861369 
795835 
861374 
795838 
861377 
795841 
861380 
795846 
861383 
795851 
861388 
795856 
861393 
795861 
861398 
861403 
795870 
795875 
861412 
861416 
795880 
861420 
795885 
861424 
795894 
861431 
861433 
795897 
861435 
795900 
861437 
795903 
861440 
861443 
795908 
861446 
795911 
861449 
795914 
795917 
861454 
795922 
861459 
795927 
861464 
795932 
861469 
795937 
861478 
861480 
861482 
795946 
861484 
861487 
795951 
861490 
795956 
861493 
861496 
795961 
861501 
861505 
795970 
861509 
795973 
795976 
861513 
795979 
861520 
795984 
795987 
861525 
795990 
795993 
861530 
795998 
861535 
796003 
861544 
796008 
861547 
796013 
861550 
861553 
861558 
796022 
861561 
796027 
861564 
861567 
796032 
861572 
796037 
861577 
861582 
796046 
796049 
861587 
796052 
796055 
861596 
796060 
796063 
861600 
796066 
861604 
796069 
861608 
796074 
861615 
796079 
861617 
861619 
796084 
861621 
861624 
796089 
861629 
861634 
796098 
861639 
796103 
796108 
861648 
796113 
861651 
861654 
861657 
796122 
796125 
861662 
796128 
861667 
796131 
861672 
796136 
796139 
861677 
796142 
796145 
861686 
796150 
861689 
796155 
861692 
861695 
796160 
861700 
796165 
861703 
861706 
861709 
796174 
861714 
796179 
861719 
796184 
861724 
796189 
861729 
796198 
796201 
861738 
796204 
861741 
796207 
861744 
861747 
796212 
796215 
861752 
796218 
861755 
796221 
861758 
861761 
796226 
861766 
796231 
861771 
796236 
861776 
796241 
861781 
796250 
861790 
796255 
861793 
861796 
796260 
861799 
796265 
861804 
861807 
861810 
796274 
861813 
796277 
796280 
861818 
796283 
861822 
796288 
861826 
796291 
861830 
796294 
796297 
861837 
796302 
861839 
861841 
861843 
796307 
861846 
796312 
861849 
861852 
796317 
861855 
861860 
796326 
861864 
796331 
861868 
861872 
796336 
796341 
861879 
861883 
796350 
861887 
796353 
861891 
796356 
796359 
861898 
796364 
861901 
796367 
861904 
796370 
861907 
796373 
861912 
796378 
861915 
861918 
796383 
861921 
796388 
861926 
796393 
861930 
861934 
861938 
796402 
796407 
861945 
861948 
796412 
861951 
796417 
861954 
861959 
861962 
796426 
861965 
796429 
861968 
796432 
796435 
861973 
796440 
861978 
796443 
796446 
861983 
796449 
861988 
796454 
796460 
861997 
862000 
796465 
862003 
862006 
796474 
862011 
862014 
862017 
796481 
862020 
862025 
796490 
796493 
862030 
796498 
862035 
796502 
862040 
796505 
796510 
862049 
796515 
862052 
862055 
796519 
862058 
796526 
862063 
862066 
796532 
862069 
862072 
862077 
796541 
862082 
796546 
862087 
796551 
862092 
796556 
796561 
862101 
796566 
862104 
862107 
862110 
796575 
862115 
796579 
862118 
796583 
862121 
796587 
862124 
862129 
796594 
862133 
796598 
862137 
796602 
862141 
796606 
862148 
796613 
862152 
796616 
796619 
862156 
796622 
862160 
796627 
796629 
862167 
796631 
796633 
862170 
796636 
862173 
862176 
796641 
862181 
796646 
862186 
796651 
862191 
862196 
796660 
796665 
862205 
796670 
862208 
862211 
796675 
862214 
862219 
796684 
862222 
796687 
862225 
796690 
862228 
796693 
862233 
796698 
796701 
862238 
796704 
862243 
796707 
862248 
796712 
796717 
862257 
796722 
862260 
862263 
796727 
862266 
862271 
796736 
862274 
862277 
796741 
862280 
796746 
862285 
796751 
862290 
862295 
796760 
796763 
862300 
796766 
796769 
862309 
796774 
862312 
796777 
862315 
796780 
862318 
796783 
862323 
796788 
862326 
862329 
796793 
862332 
796798 
862337 
796803 
862341 
862345 
796812 
862349 
796817 
862356 
796822 
862359 
862362 
796827 
862365 
862370 
796836 
862375 
796839 
796842 
862380 
796845 
862385 
796850 
796853 
796856 
862394 
796859 
862397 
862400 
796864 
862403 
796869 
862408 
796874 
862411 
862414 
796879 
862417 
862422 
796888 
862427 
796893 
862432 
796898 
862437 
796903 
862446 
796912 
862449 
796915 
862452 
796918 
862455 
796921 
862460 
796926 
862463 
796929 
862466 
796932 
862469 
796935 
862474 
796940 
862479 
796945 
862484 
796950 
862489 
796955 
862498 
796964 
862501 
862504 
796969 
862507 
796974 
862512 
862515 
796979 
862518 
862521 
796988 
862526 
796991 
862530 
796994 
796997 
862534 
862538 
797002 
797005 
797008 
862545 
797011 
862548 
862551 
797016 
862554 
797021 
862559 
797026 
862564 
797031 
862569 
862574 
797040 
797045 
862583 
862586 
797050 
862589 
797055 
862592 
862597 
862600 
797064 
862603 
797067 
862606 
797070 
797073 
862611 
797078 
862616 
797081 
797084 
862621 
797087 
862626 
797092 
797097 
862635 
862638 
797102 
862641 
797107 
862644 
862649 
862652 
797116 
862655 
797121 
862658 
797126 
862663 
797131 
862668 
862673 
797140 
862678 
797143 
797146 
797149 
862687 
862690 
797154 
862693 
797157 
862696 
797160 
797163 
862701 
862704 
797168 
862707 
797173 
862710 
797178 
862715 
862719 
797183 
862723 
862727 
797192 
797197 
862734 
862737 
797202 
862740 
862743 
797207 
862748 
797216 
862753 
797219 
862758 
797222 
797225 
862763 
797230 
797233 
862772 
797236 
862775 
797239 
862778 
797244 
862781 
797249 
862786 
862789 
797254 
862792 
862795 
797259 
862800 
797268 
862805 
797273 
862810 
797278 
862815 
797283 
862824 
862827 
797292 
862830 
797295 
862833 
797298 
797301 
862838 
862841 
797306 
862844 
797309 
862847 
797312 
797315 
862852 
797320 
862857 
797325 
862862 
797330 
862867 
797335 
862876 
862879 
797344 
862882 
862885 
797349 
862890 
797354 
862893 
797359 
862896 
862899 
862904 
797368 
797371 
862908 
797374 
862912 
797377 
862916 
797382 
797385 
862923 
797388 
862927 
797391 
862931 
797396 
862935 
797401 
862942 
797406 
862945 
797411 
862948 
862951 
862956 
797420 
862961 
797425 
862966 
797430 
862971 
797435 
862980 
797444 
862983 
797447 
862986 
797450 
862989 
797453 
862994 
797458 
862997 
797461 
863000 
797464 
863003 
797467 
863008 
797472 
863013 
797477 
863018 
797482 
863023 
797487 
863032 
797496 
863035 
797501 
863038 
863041 
797506 
863046 
797511 
863049 
863052 
863055 
797520 
797523 
863060 
797526 
863065 
797529 
863070 
797534 
797537 
863075 
797540 
797543 
863084 
797548 
863087 
797553 
863090 
863093 
797558 
863098 
797563 
863101 
863104 
863107 
797572 
863112 
797577 
863116 
797582 
863120 
797587 
863124 
863131 
797596 
863134 
797599 
863137 
797602 
863140 
797605 
863145 
797610 
797613 
863150 
797616 
863155 
797619 
863160 
797624 
797629 
863169 
797634 
863172 
863175 
797639 
863178 
863183 
797648 
863186 
863189 
797653 
863192 
797658 
863197 
797663 
863202 
863207 
797672 
797675 
863212 
797678 
797681 
863221 
797686 
863224 
797689 
863227 
797692 
863230 
797695 
863235 
797700 
863238 
797704 
863241 
863244 
797708 
797712 
863249 
863254 
797719 
863259 
797724 
863264 
797729 
797734 
863273 
863276 
863279 
797743 
863282 
797746 
797749 
863287 
797752 
863290 
863293 
797757 
863296 
797762 
863301 
797767 
863305 
797772 
863309 
863313 
797781 
863320 
797785 
863324 
797789 
863328 
797793 
863332 
797800 
863339 
797804 
863342 
797808 
863345 
863348 
797812 
863353 
797819 
863357 
797822 
863361 
797825 
797828 
863365 
797833 
797835 
863372 
797837 
863375 
797839 
863378 
797842 
863381 
797847 
863386 
797852 
863389 
863392 
797857 
863395 
863400 
797866 
863404 
797871 
863408 
863412 
797876 
797881 
863419 
863422 
863425 
797890 
863428 
797893 
797896 
863433 
797899 
863436 
863439 
797904 
863442 
797907 
797910 
863447 
797913 
863451 
797918 
863455 
863459 
797923 
797928 
863466 
863469 
797933 
863472 
863475 
797942 
863480 
863483 
797947 
863486 
797952 
863489 
797957 
863494 
863497 
863500 
797966 
863503 
797969 
863508 
797972 
863511 
797975 
863514 
797980 
863517 
797983 
863522 
797986 
863525 
797989 
863528 
797994 
863531 
797999 
863536 
863538 
863540 
798004 
863542 
863545 
798009 
863546 
863547 
863548 
863549 
863551 
863553 
798018 
863555 
863558 
798023 
863560 
863562 
863564 
798028 
863567 
863569 
798033 
863571 
863573 
863576 
863578 
798042 
863580 
798045 
863582 
798048 
863585 
798051 
863588 
863591 
798056 
863594 
798059 
798062 
863599 
798065 
863602 
863605 
798070 
863608 
798075 
863613 
863614 
863615 
863616 
798080 
863617 
863620 
798085 
863623 
863626 
798094 
863631 
863634 
798099 
863637 
863640 
798104 
863645 
798109 
863647 
863649 
863651 
863654 
798118 
863656 
798121 
863658 
863660 
798124 
863663 
798127 
863665 
863667 
798132 
863669 
798135 
863672 
798138 
863675 
798141 
863678 
863681 
798146 
863686 
798151 
863689 
863692 
798156 
863695 
798161 
863700 
863701 
863702 
863703 
863704 
798170 
863707 
863710 
798175 
863713 
798180 
863718 
863721 
798185 
863724 
863727 
798194 
863732 
798197 
863734 
863736 
798200 
863738 
798203 
863741 
863743 
798208 
863745 
863747 
798211 
863750 
798214 
863752 
798217 
863754 
863756 
798222 
863759 
863762 
798227 
863765 
863768 
798232 
863773 
798237 
863776 
863779 
863782 
798246 
863787 
798251 
863788 
863789 
863790 
863791 
798256 
863793 
863795 
863797 
798261 
863800 
863802 
863804 
863806 
798270 
863809 
798273 
863811 
798276 
863813 
863815 
798279 
863818 
863820 
798284 
863822 
798287 
863824 
798290 
863827 
798293 
863830 
863833 
798298 
863836 
798303 
863841 
863844 
798308 
863847 
798313 
863850 
863855 
863856 
863857 
863858 
798322 
863859 
863861 
863863 
798327 
863865 
863868 
798332 
863870 
863872 
798337 
863874 
863877 
863879 
863881 
798346 
863883 
798349 
863886 
863888 
798352 
863890 
798355 
863892 
863895 
798360 
863897 
863899 
798363 
863901 
798366 
863904 
798369 
863907 
863910 
798374 
863913 
798379 
863918 
798384 
863921 
863924 
798389 
863927 
863932 
863933 
863934 
798398 
863935 
863936 
863939 
798403 
863942 
798408 
863945 
798413 
863950 
863953 
863956 
798422 
863959 
798425 
863964 
798428 
863966 
798431 
863968 
863970 
798436 
863973 
863975 
798439 
863977 
798442 
863979 
798445 
863982 
863985 
798450 
863988 
863991 
798455 
863996 
798460 
863999 
798465 
864002 
864005 
864010 
798474 
864011 
864012 
864013 
864014 
798479 
864017 
864020 
798484 
864023 
798489 
864028 
864031 
864034 
798498 
864037 
798501 
798504 
864042 
798507 
864044 
864046 
864048 
798512 
864051 
798515 
864053 
798518 
864055 
864057 
798521 
864060 
798526 
864063 
864066 
798531 
864069 
798536 
864074 
864077 
798541 
864080 
864083 
798550 
864088 
864089 
864090 
864091 
798555 
864092 
864094 
864096 
798560 
864098 
864101 
798565 
864103 
864105 
864107 
864110 
798574 
864112 
798577 
864114 
864116 
798580 
864119 
798583 
864121 
864123 
798588 
864125 
798591 
864128 
798594 
864132 
798597 
864136 
798602 
864140 
798607 
864147 
798612 
864150 
864153 
798617 
864156 
864161 
798626 
864164 
864166 
798631 
864168 
864170 
798636 
864173 
864176 
798641 
864179 
864182 
864183 
864184 
864185 
798650 
798653 
864190 
798656 
864194 
798659 
864198 
798664 
864202 
798667 
798670 
864209 
798673 
864211 
864213 
798678 
864215 
864218 
798683 
864220 
864222 
864224 
798688 
864227 
864228 
864229 
798693 
864230 
864231 
864234 
864237 
798702 
864240 
798707 
864245 
864248 
798712 
864251 
798717 
864254 
864259 
864261 
798726 
864263 
864265 
798729 
864268 
798732 
864271 
798735 
864274 
798740 
864277 
798743 
864282 
798746 
798749 
864286 
864290 
798754 
864294 
798759 
798764 
864301 
864303 
864305 
798769 
864307 
864310 
864312 
864314 
798778 
864316 
864319 
798783 
864322 
798788 
864325 
864328 
798793 
864333 
864335 
864337 
798802 
864339 
798805 
864342 
864343 
864344 
798808 
864345 
864346 
864347 
798811 
864348 
864349 
864350 
798816 
864353 
798819 
864356 
798822 
864359 
798825 
864364 
798830 
864368 
798835 
864372 
864376 
798840 
798845 
864383 
864385 
864387 
864389 
798854 
864392 
864393 
864394 
864395 
798859 
864396 
864399 
798864 
864402 
864405 
798869 
864410 
864414 
798878 
798881 
864418 
798884 
864422 
798887 
798892 
864429 
798895 
864432 
798898 
864435 
798901 
864438 
798906 
864443 
798910 
864448 
798914 
864452 
798918 
864456 
864460 
798925 
798930 
864467 
864470 
798935 
864473 
864476 
798940 
864481 
864483 
864485 
798949 
864488 
798952 
864491 
798955 
864494 
798958 
864495 
864496 
864497 
798963 
864500 
864503 
798968 
864506 
798973 
864511 
798978 
864515 
864519 
864523 
798987 
798991 
864530 
864531 
798995 
864532 
864533 
864534 
798999 
864536 
864538 
864541 
799006 
864544 
799010 
864547 
864548 
864549 
864550 
799014 
864553 
799018 
864556 
864559 
799025 
864564 
799028 
864567 
799031 
864570 
799034 
864573 
799039 
864578 
864580 
799044 
864582 
864584 
799049 
864587 
864589 
799054 
864591 
864593 
864596 
864597 
864598 
864599 
799063 
864600 
864603 
799068 
864606 
864609 
799073 
864614 
799078 
864618 
864622 
799087 
864626 
799090 
799093 
799096 
864633 
864636 
799101 
864639 
799104 
864642 
799107 
799110 
864647 
864649 
864651 
799115 
864653 
864656 
799120 
864658 
864660 
799125 
864662 
864665 
864666 
799130 
864667 
864668 
864669 
864672 
864675 
799139 
864678 
799144 
864683 
799149 
864686 
864689 
799154 
864692 
864697 
864699 
799163 
864701 
799166 
864703 
799169 
864706 
864708 
799172 
864710 
864712 
799177 
864715 
864716 
799180 
864717 
864718 
864719 
799183 
864722 
799186 
864725 
799191 
864728 
799196 
864733 
864737 
799201 
864741 
799206 
864745 
799215 
864752 
864753 
864754 
864755 
864756 
799220 
864758 
864760 
799225 
864762 
864765 
799230 
864767 
864769 
864771 
864774 
864775 
799239 
864776 
864777 
864778 
799242 
864781 
799245 
864784 
799248 
864787 
799253 
864792 
799256 
799259 
864796 
799262 
864800 
799267 
864804 
799272 
864811 
864812 
864813 
799277 
864814 
864815 
864817 
799282 
864819 
864821 
864824 
864826 
799291 
864828 
864831 
864832 
799296 
864833 
864834 
864837 
799301 
864840 
799306 
864843 
864848 
864851 
799315 
864854 
799318 
864857 
799321 
799324 
864862 
864864 
799329 
864866 
799332 
864869 
799335 
864872 
799338 
864875 
864876 
864877 
864878 
799343 
864881 
864884 
799348 
864887 
799353 
864892 
799358 
864896 
864900 
799367 
864904 
799372 
864911 
864913 
799377 
864915 
864917 
799382 
864920 
864924 
799391 
864928 
799394 
864932 
799397 
799400 
864939 
799405 
864942 
799408 
864945 
799411 
864948 
799414 
864953 
799419 
864956 
864959 
799424 
864962 
799429 
864967 
799434 
864971 
864975 
864979 
799443 
799448 
864986 
864989 
799453 
864992 
799458 
864995 
865000 
799467 
865004 
799470 
865008 
799473 
865012 
799476 
799481 
865019 
799484 
865022 
799487 
865025 
799490 
865028 
799495 
865033 
865036 
799500 
865039 
799505 
865042 
799510 
865047 
865051 
865055 
799519 
865059 
799524 
799529 
865066 
865068 
865070 
799534 
865072 
865075 
865077 
865079 
799543 
865081 
799546 
865084 
799549 
865088 
799552 
865092 
799557 
865096 
799560 
799563 
799566 
865103 
865106 
799571 
865109 
865112 
799576 
865117 
799581 
865119 
865121 
799586 
865123 
865126 
865129 
799595 
865132 
865135 
799600 
865140 
799605 
865144 
799610 
865148 
865152 
799619 
799622 
865159 
799625 
865162 
799628 
865165 
865168 
799633 
799636 
865173 
799639 
865176 
799642 
865179 
865182 
799647 
865187 
799652 
865190 
865193 
799657 
865196 
799662 
865201 
865204 
865207 
799671 
865210 
799676 
865215 
799681 
865218 
865221 
799686 
865224 
865229 
799695 
865232 
799698 
865235 
799701 
865238 
799704 
865243 
799709 
865246 
799712 
865249 
799715 
865252 
799718 
865257 
799723 
865261 
799728 
865265 
865269 
799733 
799738 
865276 
865278 
865280 
865282 
799747 
865285 
865287 
799752 
865289 
865291 
799757 
865294 
865297 
799762 
865300 
865303 
799771 
865308 
799774 
865311 
799777 
865314 
799780 
865317 
799785 
865322 
799788 
865326 
799791 
865330 
799794 
865334 
799799 
799804 
865341 
865345 
799809 
865349 
799814 
865353 
799823 
865360 
865362 
865364 
799828 
865366 
865369 
799833 
865372 
799838 
865375 
865378 
865383 
799847 
799850 
865387 
799853 
865391 
799856 
865395 
799861 
799864 
865402 
799867 
865405 
799870 
865408 
865411 
799875 
865416 
799880 
865419 
799885 
865422 
865425 
799890 
865430 
865433 
799899 
865436 
865439 
799904 
865444 
799909 
865448 
799914 
865452 
865456 
799923 
799926 
865463 
865465 
799929 
865467 
799932 
865469 
865472 
799937 
865475 
799940 
865478 
799943 
865481 
799946 
865486 
799951 
865489 
865492 
799956 
865495 
799961 
865500 
865502 
799966 
865504 
865506 
865509 
799975 
865512 
865515 
799980 
865518 
799985 
865523 
799990 
865527 
865531 
865535 
799999 
800002 
800005 
865542 
800008 
865545 
865548 
800013 
865551 
800016 
800019 
865556 
865558 
800022 
865560 
865562 
800027 
865565 
865568 
800032 
865571 
800037 
865574 
800042 
865579 
865582 
865585 
800051 
865588 
800056 
865593 
865596 
800061 
865599 
865602 
800066 
865607 
865610 
800075 
865613 
800078 
865616 
800081 
800084 
865621 
865625 
800089 
800092 
865629 
800095 
865633 
800098 
800103 
865640 
865643 
800107 
865646 
800111 
865649 
800115 
865654 
865657 
800122 
865660 
865663 
800127 
865668 
800132 
865671 
800137 
865674 
865677 
865682 
800146 
800149 
865686 
800152 
865690 
800155 
865694 
800160 
865701 
800165 
865704 
800170 
865707 
865710 
800175 
865715 
865718 
800184 
865721 
865724 
800188 
800192 
865729 
865732 
800196 
865735 
865738 
800203 
865743 
800207 
865746 
800211 
865749 
800215 
865752 
865757 
800222 
865760 
800226 
865763 
865766 
800230 
800234 
865771 
865774 
865777 
800241 
865780 
800244 
800247 
865785 
800250 
865788 
865791 
800255 
865794 
800260 
865799 
800265 
865802 
865805 
800270 
865808 
865813 
800279 
865816 
865819 
800284 
865822 
800289 
865827 
865830 
800294 
865833 
865836 
800303 
865841 
800306 
865844 
800309 
865847 
800312 
865850 
800317 
865855 
800320 
865858 
800323 
865861 
800326 
865864 
800331 
865869 
865872 
800336 
865875 
800341 
865878 
800346 
865883 
865886 
865889 
800355 
865892 
800360 
865897 
865901 
800365 
865905 
800370 
865909 
800379 
865916 
800382 
865919 
800385 
865922 
800388 
865925 
800393 
865930 
800396 
865933 
800399 
865936 
800402 
865939 
800407 
865944 
865947 
800412 
865950 
865953 
800417 
865958 
800422 
865961 
865964 
865967 
800431 
865972 
800436 
865975 
800441 
865978 
865981 
800446 
865986 
865989 
800455 
865992 
800458 
865995 
800461 
866000 
800464 
866004 
800469 
866008 
800472 
800475 
866012 
800478 
866019 
800483 
866022 
800488 
866025 
866028 
800493 
866033 
800498 
866036 
866039 
866042 
800507 
866047 
800512 
866051 
800517 
866055 
800522 
866059 
866066 
800531 
866068 
866070 
800534 
866072 
800537 
866075 
800540 
866078 
866081 
800545 
866084 
800548 
800551 
866089 
800554 
866094 
800559 
866099 
800564 
866104 
800569 
800574 
866113 
866117 
800583 
866121 
800588 
866125 
800593 
866132 
800598 
866135 
866138 
866141 
800607 
866146 
800610 
866148 
800613 
866150 
866152 
800616 
866155 
800621 
866159 
800624 
866163 
800627 
800630 
866167 
800635 
866174 
800640 
866178 
800645 
866182 
866186 
800650 
866193 
800659 
866196 
866199 
800664 
866202 
800669 
866207 
866209 
800674 
866211 
866213 
866216 
866219 
800683 
866222 
800686 
866225 
800689 
800692 
866230 
866233 
800697 
866236 
800700 
866239 
800703 
800706 
866244 
800711 
866249 
800716 
866254 
800721 
866259 
800726 
866268 
800735 
866273 
800740 
866278 
800745 
866283 
800750 
866292 
866295 
800759 
866298 
800762 
866301 
800765 
800768 
866306 
866309 
800773 
866312 
800776 
866315 
800779 
800782 
866320 
800787 
866325 
800792 
866330 
800797 
866335 
800802 
866344 
800811 
866349 
800816 
866354 
800821 
866359 
800826 
866368 
866371 
800835 
866374 
800838 
866377 
800841 
800844 
866382 
866385 
800849 
866388 
800852 
866391 
800855 
800858 
866396 
866399 
800863 
866402 
800868 
866405 
800873 
866410 
866413 
800878 
866416 
866419 
800887 
866424 
800892 
866429 
800897 
866434 
800902 
866439 
800911 
866448 
800914 
866453 
800917 
800920 
866458 
800925 
866463 
800928 
800931 
800934 
866472 
866475 
800939 
866478 
800944 
866481 
800949 
866486 
866489 
800954 
866492 
866495 
800963 
866500 
866504 
800968 
866508 
800973 
866512 
800978 
866519 
800987 
866524 
800990 
866529 
800993 
800996 
866534 
801001 
801004 
866543 
801007 
866546 
801010 
866549 
801015 
866552 
801020 
866557 
866560 
801025 
866563 
866566 
801030 
866571 
866574 
801039 
866577 
866580 
801044 
866585 
801049 
866588 
801054 
866591 
866594 
866599 
801063 
801066 
866604 
801069 
801072 
866609 
801077 
866614 
801080 
801083 
801086 
866623 
801091 
866628 
801096 
866633 
801101 
866638 
801106 
866647 
866650 
801115 
866653 
866656 
801120 
866661 
801125 
866664 
801130 
866667 
866670 
866675 
801139 
801142 
866679 
801145 
866683 
801148 
866687 
801153 
801156 
866694 
801159 
801162 
866699 
801167 
866704 
801172 
866709 
801177 
866718 
801182 
866721 
866724 
866727 
801191 
866732 
801196 
866735 
801201 
866738 
866741 
801206 
866746 
866749 
801215 
866752 
801218 
866755 
801221 
866760 
801224 
866763 
801229 
866766 
801232 
866769 
801235 
866774 
801238 
866779 
801243 
866784 
801248 
866789 
801253 
801258 
866798 
866803 
801267 
866808 
801272 
866813 
801277 
801282 
866822 
866825 
801291 
866828 
801294 
866831 
801297 
866836 
801300 
866839 
801305 
866842 
801308 
866845 
801311 
866850 
801314 
866855 
801319 
801323 
866860 
801327 
866865 
801331 
866874 
801338 
866879 
801343 
866884 
801348 
866889 
801353 
866898 
801362 
866901 
801365 
866904 
801368 
866907 
801371 
866912 
801376 
866915 
801381 
866918 
866921 
801386 
866926 
801391 
866929 
866932 
866935 
801400 
866940 
801404 
866943 
801408 
866946 
801412 
866949 
866954 
801419 
866959 
801424 
866964 
801428 
866969 
801435 
801438 
801441 
866978 
801446 
866983 
801448 
801450 
866988 
801452 
801455 
866993 
801462 
867002 
801467 
867005 
867008 
867011 
801476 
867016 
801481 
867019 
867022 
801486 
867025 
801491 
867030 
867035 
801500 
801503 
867040 
801506 
867045 
801509 
801514 
801517 
867054 
801520 
867059 
801525 
867064 
801530 
867069 
801535 
801540 
867078 
867081 
867084 
801549 
867087 
801554 
867092 
867095 
801559 
867098 
801564 
867101 
867106 
867109 
801573 
867112 
801576 
867115 
801579 
801582 
867120 
867123 
801587 
867126 
801590 
867129 
801593 
801596 
867134 
801601 
867139 
801606 
867144 
801611 
867149 
801616 
867158 
801625 
867163 
801630 
867168 
801635 
867173 
801640 
867182 
867185 
801649 
867188 
801652 
867191 
801655 
801658 
867196 
867199 
801663 
867202 
801666 
867205 
801669 
801672 
867210 
801677 
867214 
867218 
801682 
867222 
801687 
801692 
867229 
867234 
801701 
867239 
801706 
867244 
801711 
801716 
867253 
867256 
867259 
801725 
867262 
801728 
867267 
801731 
867270 
801734 
867273 
801739 
867276 
801742 
867281 
801745 
867284 
801748 
867287 
801753 
867290 
801758 
867295 
867298 
801763 
867301 
867304 
801768 
867309 
801777 
867314 
801782 
867319 
801787 
867324 
801792 
867333 
801801 
867338 
801804 
867343 
801807 
801810 
867348 
801815 
801818 
867357 
801821 
867360 
801824 
867363 
801829 
867366 
801834 
867371 
867374 
801839 
867377 
867380 
801844 
867385 
801853 
867390 
801858 
867395 
801863 
867400 
801868 
867409 
801877 
867414 
801880 
867419 
801883 
801886 
867424 
801891 
801894 
867433 
801897 
867436 
801900 
867439 
801905 
867442 
801910 
867447 
867450 
801915 
867453 
867456 
801920 
867461 
867463 
867465 
801929 
867467 
867470 
801934 
867473 
801939 
867476 
867479 
801944 
867484 
867488 
801953 
867492 
801956 
801959 
867496 
801962 
867503 
801967 
801970 
867508 
801973 
801976 
867513 
801981 
867518 
801986 
867527 
801991 
867531 
801996 
867535 
867539 
802005 
867546 
802010 
867549 
802015 
867552 
867555 
802020 
867560 
867562 
867564 
802029 
867566 
802032 
867569 
867571 
802035 
867573 
802038 
867575 
867578 
802043 
867581 
802046 
867584 
802049 
867587 
802052 
867592 
802057 
867595 
867598 
802062 
867601 
802067 
867606 
802072 
867610 
867614 
802081 
867618 
802086 
867625 
802091 
867629 
802096 
867633 
867637 
802105 
867644 
802108 
802111 
867649 
802114 
867654 
802119 
802122 
867659 
802125 
802128 
867668 
802133 
867673 
802138 
867678 
802143 
867683 
802148 
867692 
802157 
867695 
867698 
802162 
867701 
802167 
867706 
802172 
867709 
867712 
867715 
802181 
867720 
802184 
867723 
802187 
867726 
802190 
867729 
802195 
867734 
802198 
867737 
802201 
867740 
802204 
867743 
802209 
867748 
802214 
867751 
867754 
802219 
867757 
802224 
867762 
867765 
867768 
802233 
867771 
802238 
867776 
802243 
867781 
802248 
867786 
867791 
802257 
802260 
802263 
867800 
802266 
867804 
802271 
867808 
802274 
867812 
802277 
802280 
867819 
802285 
867822 
867825 
802290 
867828 
802295 
867833 
867836 
802300 
867839 
867842 
802309 
867847 
867850 
802314 
867853 
802319 
867856 
802324 
867861 
867864 
867867 
802333 
867870 
802336 
867875 
802339 
802342 
867880 
802347 
867885 
802350 
802353 
867890 
802356 
802361 
867899 
802366 
867904 
802371 
867909 
802376 
867914 
802385 
867923 
867926 
802390 
867929 
802395 
867932 
802400 
867937 
867940 
867943 
802409 
867946 
802412 
867951 
802415 
867954 
802418 
867957 
802423 
867960 
802426 
867965 
802429 
867968 
802432 
867971 
802437 
867974 
802442 
867979 
802447 
867984 
802452 
867989 
867994 
802461 
802466 
868003 
802471 
868008 
802476 
868013 
868018 
802485 
802488 
868027 
802491 
868030 
802494 
868033 
802499 
868036 
802502 
868041 
802505 
868044 
802508 
868047 
802513 
868050 
802517 
868055 
802521 
868058 
868061 
802525 
868064 
802532 
868069 
868072 
802538 
868075 
868078 
802543 
868083 
868086 
802552 
868089 
802555 
868092 
802558 
868097 
802563 
868101 
802568 
868105 
868109 
802573 
802578 
868116 
868121 
802587 
868126 
802591 
868131 
802595 
802599 
868140 
868144 
802610 
868148 
868152 
802618 
868159 
802624 
868162 
868165 
802629 
868168 
868173 
802638 
868176 
868179 
802644 
868182 
868187 
802653 
868190 
868193 
802657 
868196 
802660 
868201 
802665 
868204 
802668 
868207 
802673 
868210 
802678 
868215 
868219 
802683 
868223 
802688 
868227 
802697 
868234 
802702 
868239 
802707 
868244 
802712 
868249 
802721 
868258 
802724 
868262 
802727 
868266 
802730 
868270 
802735 
802738 
868277 
802741 
868280 
802744 
868283 
802749 
868286 
802754 
868291 
868294 
802759 
868297 
868300 
802764 
868305 
868308 
802773 
868311 
868314 
802778 
868319 
802783 
868322 
802788 
868325 
868328 
868333 
802797 
802800 
868338 
802803 
802806 
868343 
802811 
868348 
802814 
802817 
802820 
868357 
868361 
802825 
868365 
802830 
868369 
802835 
868376 
802840 
868379 
868382 
868385 
802849 
868390 
802854 
868393 
802859 
868396 
868399 
802864 
868404 
868407 
802873 
868410 
802876 
868413 
802879 
868418 
802882 
868421 
802887 
868424 
802890 
868427 
802893 
868432 
802896 
868437 
802901 
868442 
802906 
868447 
802911 
802916 
868456 
868459 
802925 
868462 
868465 
802930 
868470 
802935 
868473 
868476 
802940 
868479 
868484 
802949 
868486 
868488 
802952 
868490 
802955 
868493 
802958 
868497 
802963 
868501 
802966 
868505 
802969 
802972 
868512 
802977 
868516 
802982 
868520 
802987 
868524 
802992 
868531 
868534 
868537 
803001 
868540 
803006 
868545 
868547 
803011 
868549 
868551 
803016 
868554 
868558 
803025 
868562 
803028 
868566 
803031 
803034 
868573 
803039 
868576 
803042 
868579 
803045 
868582 
803048 
868587 
803053 
868592 
803058 
868597 
803063 
868602 
803068 
868611 
803077 
868615 
803082 
868619 
868623 
803087 
803092 
868630 
868634 
803101 
868638 
803104 
868642 
803107 
803110 
868649 
803115 
868652 
803118 
868655 
803121 
868658 
803124 
868663 
868665 
803129 
868667 
868669 
803134 
868672 
868674 
803139 
868676 
868678 
803144 
868681 
868685 
868689 
803153 
868693 
803158 
803163 
868700 
868704 
803168 
868708 
868712 
803177 
803180 
868719 
803183 
803186 
868724 
803191 
868729 
803194 
803197 
868734 
803200 
803205 
868743 
868746 
803210 
868749 
803215 
868752 
803220 
868757 
868759 
868761 
868763 
803229 
868766 
868769 
803234 
868772 
868775 
803239 
868780 
803244 
868784 
868788 
803253 
868792 
803256 
803259 
803262 
868799 
868802 
803267 
868805 
803270 
868808 
803273 
803276 
868813 
803281 
868818 
803286 
868823 
803291 
868828 
803296 
868837 
868841 
803305 
868845 
803310 
868849 
803315 
868856 
803320 
868859 
868862 
868865 
803329 
803332 
868870 
803335 
868873 
803338 
868876 
868879 
803343 
803346 
868884 
803349 
803352 
868889 
803357 
868894 
803362 
868899 
803367 
868908 
803372 
868912 
868916 
803381 
868920 
803386 
868927 
803391 
868932 
803396 
868937 
803405 
868942 
803408 
803411 
803414 
868951 
868954 
803419 
868957 
803422 
868960 
803425 
803428 
868965 
868968 
803433 
868971 
868974 
803438 
868979 
803443 
868983 
803448 
868987 
868991 
803457 
868998 
803462 
869001 
803467 
869004 
869007 
803472 
869012 
869016 
803481 
869020 
803484 
803487 
869024 
803490 
869031 
803495 
803498 
869035 
803501 
869039 
803504 
869043 
803509 
869050 
803514 
869053 
803519 
869056 
869059 
803524 
869064 
869067 
803533 
869070 
869073 
803538 
869078 
803543 
869082 
803548 
869086 
869090 
803557 
803560 
869097 
803563 
869101 
803566 
869105 
803571 
869109 
803574 
803577 
869116 
803580 
869121 
803585 
869126 
869131 
803595 
803601 
869140 
869143 
869146 
803610 
869149 
803616 
869154 
803620 
869157 
869160 
869163 
803629 
869168 
869171 
869174 
803639 
869177 
803643 
869182 
803648 
869187 
803652 
869192 
803656 
803660 
869197 
803667 
869206 
803670 
803673 
869210 
803676 
869214 
803681 
869218 
803684 
803687 
869225 
803690 
869229 
803695 
869233 
803699 
869237 
803703 
803707 
869244 
869247 
869250 
803714 
869253 
803719 
869258 
869260 
803724 
869262 
869264 
803729 
869267 
869269 
869271 
869273 
803738 
869276 
803742 
869280 
803746 
869284 
803750 
869288 
803757 
869295 
803760 
803763 
869300 
803766 
869305 
803771 
803773 
869310 
803775 
803777 
803780 
869319 
803785 
869322 
869325 
803790 
869328 
803795 
869333 
869335 
869337 
869339 
803804 
869342 
803808 
869345 
869348 
803812 
869351 
803816 
869356 
869359 
803823 
869362 
803827 
869365 
803831 
869370 
803835 
869374 
869378 
803842 
869382 
803846 
803850 
869389 
803854 
869393 
869397 
803861 
869401 
803866 
803871 
869408 
869412 
803876 
869416 
869420 
803885 
803890 
869427 
869430 
803895 
869433 
869436 
803900 
869441 
869444 
803909 
869447 
803912 
869450 
803915 
803918 
869455 
869459 
803923 
803926 
869463 
803929 
869467 
803932 
803937 
869474 
869478 
803942 
869482 
803947 
869486 
803952 
869493 
803961 
869498 
803965 
869503 
803969 
869508 
803973 
803980 
869517 
869520 
803984 
869523 
803988 
869526 
803992 
869531 
869533 
869535 
803999 
869537 
804003 
869540 
869543 
804007 
869546 
804011 
869549 
869554 
804018 
869557 
804022 
869560 
804026 
869563 
804030 
869568 
869573 
804037 
869578 
804042 
869583 
804047 
804052 
869592 
869596 
804061 
869600 
804066 
869604 
804071 
869611 
804076 
869615 
869619 
804085 
869623 
804088 
804091 
869630 
804094 
869633 
804099 
869636 
804102 
869639 
804105 
869644 
804108 
869647 
804113 
869650 
869653 
804118 
869658 
804123 
869660 
869662 
869664 
804128 
869667 
869672 
804137 
869677 
804141 
804145 
869682 
804149 
869691 
804156 
869695 
804160 
869699 
804164 
869703 
804168 
869710 
804175 
869715 
804179 
804183 
869720 
804187 
869725 
804194 
869734 
804199 
869737 
869740 
804204 
869743 
804209 
869748 
869751 
869754 
804218 
869757 
804223 
869762 
804228 
869766 
804233 
869770 
869774 
804242 
869781 
804245 
869784 
804248 
869787 
804251 
869790 
804256 
869795 
804259 
804262 
869800 
804265 
869805 
804270 
869810 
804275 
804280 
869819 
804285 
869823 
869827 
804294 
869831 
804298 
869838 
804302 
869842 
804306 
869846 
804313 
869850 
804317 
869857 
804321 
869860 
804325 
869863 
869866 
804332 
869871 
804336 
869874 
804340 
869877 
869880 
804344 
869885 
804351 
869889 
804355 
869893 
804359 
869897 
804363 
869904 
804370 
869908 
804375 
869912 
869916 
804380 
804385 
869923 
869928 
804394 
869933 
804399 
869938 
804404 
804409 
869947 
869950 
869953 
804418 
869956 
804421 
804424 
869961 
869963 
804427 
869965 
869967 
804432 
869970 
804435 
869973 
804438 
869976 
804441 
869979 
804446 
869984 
869987 
804451 
869990 
804456 
869993 
804461 
869998 
870000 
870002 
870004 
804470 
870007 
870009 
804474 
870011 
870013 
804478 
870016 
804482 
870019 
870022 
870025 
804489 
804493 
870030 
804497 
870035 
804501 
870040 
804508 
870045 
804512 
804516 
870054 
804520 
870058 
870062 
804527 
870066 
804532 
870073 
804537 
870076 
804542 
870079 
870082 
870087 
804551 
870089 
870091 
804556 
870093 
870096 
804561 
870101 
804566 
870106 
870111 
804575 
804578 
804581 
870120 
804584 
870124 
804589 
870128 
804592 
804595 
870132 
804598 
870139 
804603 
870142 
804608 
870145 
870148 
804613 
870153 
804618 
870155 
870157 
870159 
870162 
804627 
870167 
804631 
804635 
870172 
804639 
870177 
804646 
870186 
804650 
870190 
804654 
870194 
804658 
870198 
804665 
870205 
804669 
870208 
804673 
870211 
804677 
870214 
870219 
804684 
870221 
870223 
870225 
804689 
870228 
804694 
870232 
804699 
870236 
870240 
804708 
870247 
804713 
870251 
804718 
870255 
870259 
804723 
870266 
804732 
870270 
804735 
870274 
804738 
804741 
870278 
804746 
870285 
804749 
870288 
804752 
870291 
804755 
870294 
804760 
870299 
870301 
804765 
870303 
870305 
804770 
870308 
870310 
804775 
870312 
870314 
870317 
870320 
804784 
870323 
804788 
870326 
804792 
870331 
804796 
870333 
870335 
870337 
804803 
870340 
870343 
804807 
870346 
804811 
870349 
804815 
870354 
870357 
804822 
870360 
804826 
870363 
804830 
870368 
804834 
870371 
870374 
870377 
804841 
804845 
870382 
870385 
804849 
870388 
804853 
870391 
870396 
804860 
870401 
804865 
870406 
804870 
870411 
804875 
870420 
804884 
870425 
804889 
870430 
804894 
870435 
804899 
870444 
804908 
870447 
804911 
870450 
804914 
870453 
804917 
870458 
804922 
870461 
804925 
870464 
804928 
870467 
804931 
870472 
804936 
870477 
804941 
870482 
804946 
870487 
804951 
870496 
804960 
804964 
870501 
804968 
870506 
804972 
870511 
804979 
804982 
870520 
804985 
870523 
804988 
870526 
870529 
804993 
804995 
804997 
870534 
804999 
870537 
805002 
870540 
870543 
805007 
870548 
805012 
870553 
805017 
870558 
805026 
870563 
805031 
870572 
805036 
870577 
805041 
870582 
805050 
870587 
805053 
805056 
805059 
870596 
870599 
805064 
870602 
805067 
870605 
805070 
805073 
870610 
870613 
805078 
870616 
870619 
805083 
870624 
805088 
870629 
805093 
870634 
805102 
870639 
805107 
870648 
805112 
870652 
805117 
870656 
870660 
805126 
805129 
870667 
805132 
805135 
870672 
805140 
870677 
805143 
870682 
805146 
805149 
805154 
870691 
870694 
805159 
870697 
870700 
805164 
870705 
805169 
870707 
870709 
870711 
870714 
805178 
870717 
805183 
870720 
870723 
805188 
870728 
805193 
870731 
870734 
870737 
805202 
805205 
870742 
805208 
870745 
805211 
870748 
870751 
805216 
805219 
870756 
805222 
870759 
805225 
870762 
870765 
805230 
870770 
805235 
870773 
870776 
805240 
870779 
805245 
870784 
870787 
870790 
805254 
870793 
805259 
870798 
805264 
870801 
870804 
805269 
870807 
870812 
805278 
870815 
805281 
870818 
805284 
870821 
805287 
870826 
805292 
870831 
805295 
805298 
870836 
805301 
870841 
805306 
805311 
870850 
805316 
870855 
805321 
870860 
870865 
805330 
805335 
870874 
805340 
870877 
870880 
805345 
870883 
870888 
805354 
870891 
805357 
870894 
805360 
870897 
805363 
870902 
805368 
870907 
805371 
805374 
870912 
805377 
870917 
805382 
805387 
870926 
805392 
870931 
805397 
870936 
870941 
805406 
805411 
870950 
805416 
870953 
870956 
805421 
870959 
870964 
805430 
870967 
805433 
870970 
805436 
870973 
805439 
870978 
805444 
870983 
805447 
805450 
870988 
805453 
870993 
805458 
805463 
871002 
805468 
871007 
805473 
871012 
871017 
805482 
805487 
871026 
805492 
871029 
871032 
805497 
871035 
871040 
805506 
871043 
805509 
871046 
805512 
871049 
805515 
871054 
805520 
871059 
805523 
805526 
871064 
805529 
871069 
805534 
805538 
871078 
805542 
871082 
805546 
871086 
805553 
871090 
805558 
871097 
805563 
871102 
805568 
871107 
871112 
805577 
805581 
871121 
805585 
871124 
805589 
871127 
871130 
805596 
871135 
805601 
871138 
871141 
805606 
871144 
805611 
871149 
871152 
871155 
805620 
871158 
805624 
871163 
805628 
871166 
805632 
871169 
871172 
805639 
871177 
871180 
805644 
871183 
805649 
871186 
805654 
871191 
871194 
871197 
805663 
871200 
805668 
871205 
871208 
805673 
871211 
871214 
805678 
871219 
871222 
805687 
871225 
805691 
871228 
805695 
871233 
805699 
871236 
871239 
871242 
805706 
871247 
805711 
871252 
805716 
871257 
805721 
871262 
805730 
871271 
805735 
871276 
805740 
871281 
805745 
871286 
805754 
871295 
805759 
871298 
805764 
871301 
871304 
805769 
871309 
871312 
805778 
871315 
871318 
805783 
871323 
805788 
871328 
805793 
871333 
871338 
805802 
805806 
805810 
871347 
805814 
871352 
871357 
805821 
871362 
805826 
805831 
871371 
805836 
871374 
871377 
871380 
805845 
871385 
805850 
871388 
871391 
805855 
871394 
805860 
871399 
871404 
805869 
871409 
805874 
871414 
805879 
805884 
871423 
871428 
805893 
871433 
805898 
871438 
805903 
805908 
871447 
871450 
871453 
805917 
871456 
805922 
871461 
805927 
871464 
871467 
805932 
871470 
871475 
805941 
871480 
805945 
871485 
805949 
805953 
871490 
805960 
871499 
805965 
871503 
805970 
871507 
871511 
805975 
871518 
805984 
871523 
805987 
805990 
871528 
805993 
871533 
805998 
806003 
871542 
806008 
871545 
871548 
806013 
871551 
871556 
806022 
871559 
871562 
806027 
871565 
806032 
871570 
871573 
806037 
871576 
871579 
806046 
871584 
806049 
871587 
806052 
871590 
806055 
871593 
806060 
871598 
871601 
806065 
871604 
806070 
871607 
806075 
871612 
871615 
871618 
806084 
871621 
806089 
871626 
871629 
806094 
871632 
871635 
806099 
871640 
871643 
806108 
871646 
806111 
871649 
806114 
806117 
871654 
871657 
806122 
871660 
871663 
806127 
871668 
806132 
871673 
806137 
871678 
806146 
871683 
806151 
871692 
806156 
871697 
806161 
871702 
806170 
871707 
806173 
806176 
806179 
871716 
871719 
806184 
871722 
871725 
806189 
871730 
806194 
871733 
806199 
871736 
871739 
871744 
806208 
871749 
806213 
871754 
806218 
871759 
806223 
871768 
806232 
806235 
871773 
806238 
806241 
871778 
806246 
871783 
806251 
871792 
806256 
871795 
806261 
871798 
871801 
871806 
806270 
871809 
806275 
871812 
871815 
806280 
871820 
806285 
871825 
871830 
806294 
806297 
871835 
806300 
806303 
871844 
806308 
871849 
806313 
871854 
806318 
871859 
806323 
871868 
806332 
871871 
806337 
871874 
871877 
806342 
871882 
806347 
871885 
871888 
871891 
806356 
806359 
871896 
806362 
871901 
806365 
871906 
806370 
871911 
806375 
806380 
871920 
806385 
871924 
871928 
806394 
871932 
806399 
871939 
806404 
871944 
806409 
871949 
871954 
806418 
806421 
806424 
871963 
806427 
871966 
806432 
871969 
871972 
806437 
871977 
806442 
871980 
871983 
806447 
871986 
871991 
806456 
871994 
806459 
871997 
806462 
872000 
806465 
872005 
806470 
872008 
806474 
872011 
872014 
806478 
806482 
872019 
872022 
872025 
806489 
872028 
806492 
806495 
872033 
806498 
872036 
872039 
806503 
872042 
806508 
872047 
806513 
872050 
872053 
806518 
872056 
872061 
806527 
872064 
872067 
806531 
872070 
806535 
872075 
806539 
872078 
872081 
806546 
872084 
806549 
806552 
872089 
806555 
872094 
806560 
872099 
806563 
806566 
872104 
806569 
806574 
872113 
806578 
872118 
806582 
806586 
872123 
872128 
806593 
806597 
872137 
806601 
872140 
806605 
872143 
872146 
806612 
872151 
806615 
872154 
806618 
872157 
806621 
872160 
806626 
872165 
806631 
872170 
806636 
872175 
806641 
872180 
806650 
872189 
806654 
872194 
806658 
806662 
872199 
872204 
806669 
806673 
872213 
806677 
872216 
806681 
872219 
872222 
806688 
872227 
806691 
872230 
806694 
872233 
806697 
872236 
806702 
872241 
806706 
872246 
806710 
806714 
872251 
872256 
806721 
806725 
872265 
806729 
806733 
872270 
872275 
806740 
806743 
872280 
806746 
806749 
872289 
806754 
872292 
872295 
806759 
872298 
806764 
872303 
806769 
872306 
872309 
872312 
806778 
872317 
806782 
872322 
806786 
806790 
872327 
872332 
806797 
806801 
872341 
806805 
872345 
806809 
872349 
806816 
872353 
806819 
806822 
872360 
806825 
872365 
806830 
872370 
806834 
806838 
872375 
806842 
872384 
806849 
872387 
806853 
872390 
872393 
806857 
806861 
872398 
872400 
872402 
872404 
806868 
872407 
806871 
872410 
806874 
872413 
806877 
872416 
806882 
872421 
806887 
872424 
872427 
806892 
872430 
806897 
872435 
872438 
872441 
806906 
872444 
806910 
872449 
806914 
872452 
806918 
872455 
872458 
806925 
872463 
806929 
872466 
872469 
806933 
872472 
806937 
872477 
872480 
806944 
872483 
806947 
872486 
806950 
806953 
872491 
872494 
806958 
872497 
806962 
872500 
806966 
872505 
806970 
872508 
872511 
806977 
872514 
806981 
872519 
806985 
872524 
806989 
872529 
806996 
872534 
806999 
807002 
807005 
872543 
807010 
872548 
807015 
872553 
807020 
872558 
807025 
872567 
872570 
807034 
872573 
807038 
872576 
807042 
872581 
807046 
872584 
872587 
807053 
872590 
807057 
872595 
807061 
872600 
807065 
872605 
807072 
872610 
807075 
807078 
807081 
872619 
807086 
872624 
807090 
872629 
807094 
872634 
807098 
807105 
872643 
807109 
872646 
872649 
807113 
872652 
807117 
872657 
872660 
807124 
872663 
807127 
872666 
807130 
807133 
872671 
807138 
872676 
807143 
872681 
807148 
872686 
807153 
872695 
807162 
872700 
807166 
872705 
807170 
872710 
807174 
807181 
872719 
807185 
872722 
872725 
807189 
872728 
807193 
872733 
872736 
807200 
872739 
807203 
872742 
807206 
807209 
872747 
807214 
872751 
807218 
872755 
807222 
872759 
807226 
872766 
807233 
872771 
807237 
872776 
807241 
872781 
807245 
807252 
872790 
807255 
872793 
807258 
872796 
807261 
872799 
807266 
872804 
872807 
807271 
872810 
807276 
872813 
807281 
872818 
872821 
872824 
807290 
872827 
807294 
872832 
807298 
872835 
872838 
807302 
872841 
807309 
872846 
872849 
807313 
872852 
807317 
872855 
807321 
872860 
872863 
807328 
872866 
807331 
872869 
807334 
807337 
872874 
872877 
807342 
872880 
807346 
872883 
807350 
872888 
807354 
872891 
872894 
872897 
807361 
807365 
872902 
872905 
807369 
872908 
807373 
872911 
872916 
807380 
807383 
872921 
807386 
807389 
872926 
807394 
872931 
807399 
872940 
807404 
872945 
807409 
872950 
807418 
872955 
807422 
807426 
872964 
807430 
872967 
872970 
872973 
807437 
807441 
872978 
872981 
807445 
872984 
807449 
872987 
872992 
807456 
807459 
872997 
807462 
807465 
873002 
807470 
873007 
807475 
873016 
807480 
873021 
807485 
873026 
807494 
873031 
807497 
807500 
807503 
873040 
873043 
807508 
873046 
873049 
807513 
873054 
807518 
873057 
807523 
873060 
873063 
873068 
807532 
873073 
807537 
873078 
807542 
873083 
807547 
873092 
807556 
807559 
873097 
807562 
807565 
873102 
807570 
873107 
807575 
873116 
807580 
873119 
807585 
873122 
873125 
873130 
807594 
873133 
807599 
873136 
873139 
807604 
873144 
807609 
873148 
873152 
807618 
873156 
807621 
807624 
873163 
807627 
873168 
807632 
873173 
807637 
873178 
807642 
807647 
873187 
873190 
807656 
873193 
873196 
807661 
873201 
807666 
873204 
873207 
807671 
873210 
873215 
807680 
873218 
807683 
873221 
807686 
873224 
807689 
873229 
807694 
873232 
873235 
807699 
873238 
807704 
873243 
807709 
873246 
873249 
873252 
807718 
873257 
807721 
873260 
807724 
873263 
807727 
873266 
807732 
873271 
873273 
807737 
873275 
873277 
807742 
873280 
873282 
807747 
873284 
873286 
873289 
873291 
807756 
873293 
873295 
807760 
873298 
873300 
807764 
873302 
873304 
807768 
873307 
873308 
873309 
873310 
873311 
807775 
873314 
807780 
873317 
873320 
807785 
873325 
807790 
873328 
873331 
873334 
807799 
807802 
873339 
873341 
807805 
873343 
807808 
873345 
873348 
807813 
873350 
873352 
873354 
807818 
873357 
873358 
873359 
807823 
873360 
873361 
873363 
807828 
873365 
873367 
873370 
873372 
807837 
873374 
873376 
807842 
873379 
873380 
873381 
873382 
873383 
807847 
873386 
807852 
873389 
873392 
873397 
807861 
873398 
873399 
873400 
807864 
873401 
807867 
873404 
807870 
873407 
807875 
873412 
873414 
807880 
873417 
873419 
873421 
807885 
873424 
873426 
807890 
873429 
873431 
873433 
873435 
807899 
873438 
873439 
873440 
807904 
873441 
873442 
873444 
807909 
873446 
873448 
807914 
873451 
873453 
873455 
873457 
807923 
873460 
873461 
873462 
807926 
873463 
873464 
807929 
873466 
873468 
807932 
873470 
873473 
807937 
873475 
873477 
807942 
873479 
873482 
873483 
807947 
873484 
873485 
873486 
873487 
873488 
807952 
873489 
873490 
873492 
873494 
873496 
807961 
873499 
807964 
873501 
873503 
807967 
873505 
807970 
873508 
873510 
807975 
873512 
873514 
807980 
873517 
873519 
873521 
807985 
873523 
873526 
807990 
873528 
873530 
873532 
873535 
807999 
873536 
873537 
873538 
873539 
808004 
873542 
873545 
808009 
873548 
808014 
873553 
873556 
873559 
808023 
873562 
808026 
808029 
873567 
873568 
808032 
873569 
873570 
873571 
873573 
808037 
873575 
873577 
808042 
873580 
873581 
873582 
873583 
808047 
873584 
873586 
873588 
808052 
873590 
873593 
873595 
873597 
808061 
873599 
808064 
873602 
873603 
808067 
873604 
873605 
873606 
808070 
873610 
808075 
873614 
808080 
873618 
808085 
873625 
873626 
808090 
873627 
873628 
873629 
873632 
873635 
808099 
808102 
873640 
808105 
873643 
808108 
873646 
873649 
808113 
873652 
808117 
873655 
808121 
873660 
808125 
873662 
873664 
873666 
808132 
873669 
873671 
808135 
873673 
808138 
873676 
873677 
808141 
873678 
873679 
873681 
808146 
873683 
873685 
808150 
873688 
873690 
808154 
873692 
873694 
808158 
873697 
873699 
873701 
808165 
873703 
808169 
873706 
873707 
873708 
873709 
808173 
873710 
873712 
808177 
873714 
873716 
873719 
873720 
808184 
873721 
873722 
873723 
808187 
873725 
808190 
873727 
873729 
808193 
873732 
808198 
873735 
873738 
808202 
873741 
808206 
873746 
808210 
873747 
873748 
873749 
873750 
873752 
808217 
873754 
873756 
808221 
873759 
873761 
808225 
873763 
873765 
808229 
873768 
873770 
873772 
808236 
873774 
808239 
873777 
808242 
873779 
873781 
808245 
873783 
873786 
808250 
873788 
873790 
808255 
873792 
873795 
808260 
873797 
873799 
873801 
808265 
873804 
873805 
873806 
873807 
873808 
808274 
873811 
873814 
808278 
873817 
808282 
873822 
808286 
873825 
873828 
808293 
873831 
808297 
873836 
808301 
873838 
873840 
808305 
873842 
873845 
873847 
808312 
873849 
873851 
808315 
873854 
808318 
873855 
873856 
873857 
808321 
873858 
873860 
873862 
808326 
873864 
873867 
808331 
873869 
873871 
808336 
873873 
873876 
873877 
808341 
873878 
873879 
873880 
873881 
873882 
873883 
873884 
808350 
873887 
873890 
808354 
873893 
808358 
873898 
808362 
873900 
873902 
873904 
808369 
873907 
808373 
873910 
873913 
808377 
873916 
808381 
873921 
873923 
808388 
873925 
873927 
808392 
873930 
873932 
808396 
873934 
873936 
808400 
873939 
873940 
873941 
873942 
873943 
808407 
873944 
873945 
873946 
808410 
873947 
873948 
873949 
808413 
873950 
873951 
808416 
873953 
873955 
873957 
808421 
873960 
873962 
808426 
873964 
873966 
808431 
873969 
873970 
873971 
873972 
808436 
873973 
873975 
873977 
873979 
808445 
873982 
873983 
873984 
873985 
808449 
873986 
873987 
873988 
873989 
808453 
873990 
873992 
808457 
873994 
873996 
873999 
808464 
874001 
874003 
808468 
874005 
874008 
808472 
874010 
874012 
808476 
874014 
874017 
874019 
808483 
874021 
808486 
874023 
808489 
874026 
874027 
874028 
808492 
874029 
874030 
874033 
808497 
874036 
808502 
874039 
808507 
874044 
874047 
808512 
874050 
874053 
808521 
874058 
874059 
874060 
874061 
808525 
874062 
874064 
808529 
874066 
874068 
808533 
874071 
874072 
874073 
874074 
874075 
808540 
874077 
874079 
808544 
874081 
874084 
808548 
874086 
874088 
808552 
874090 
874093 
874094 
874095 
808559 
874096 
874097 
874098 
874099 
808563 
874100 
874101 
808567 
874104 
874107 
808571 
874110 
808578 
874115 
874116 
874117 
808581 
874118 
874119 
808584 
874122 
808587 
874125 
874128 
808592 
874133 
808597 
874135 
874137 
808602 
874139 
874142 
808607 
874144 
874146 
874148 
874151 
874152 
808616 
874153 
874154 
874155 
808620 
874157 
874159 
808624 
874161 
874164 
808628 
874165 
874166 
874167 
874168 
874170 
808635 
874172 
874174 
808639 
874177 
874179 
808643 
874181 
874183 
808647 
874186 
874187 
874188 
874189 
874190 
808654 
874192 
808657 
874194 
874196 
808660 
874199 
808663 
874201 
874203 
808668 
874205 
874208 
874209 
808673 
874210 
874211 
874212 
874213 
874214 
808678 
874215 
874216 
874218 
808683 
874220 
874222 
874225 
874227 
808692 
874229 
874231 
808697 
874234 
874236 
874238 
808702 
874240 
874243 
808707 
874245 
874247 
874249 
874252 
808716 
874254 
808719 
874256 
874258 
808722 
874261 
808725 
874262 
874263 
874264 
874265 
808730 
874268 
874271 
808735 
874274 
808740 
874279 
808745 
874282 
874285 
874288 
808754 
874293 
874295 
808759 
874297 
874299 
808764 
874302 
874304 
808769 
874306 
874308 
874311 
874312 
874313 
874314 
808778 
874315 
874317 
874319 
808783 
874321 
874324 
808788 
874326 
874328 
808793 
874330 
874333 
874334 
874335 
874336 
874337 
874338 
808802 
874339 
874340 
874341 
808805 
874344 
808808 
874347 
808811 
874350 
808816 
874355 
808820 
874357 
874359 
808824 
874361 
874364 
808828 
874367 
874370 
808835 
874373 
808838 
808841 
874378 
874380 
808844 
874382 
874384 
808849 
874387 
808852 
874389 
874391 
808855 
874393 
808858 
874396 
874398 
808863 
874400 
874402 
808867 
874405 
874407 
808871 
874409 
874411 
808875 
874414 
874416 
874418 
808882 
874420 
808885 
874423 
874424 
808888 
874425 
874426 
874427 
808891 
874429 
874431 
808896 
874433 
874436 
874437 
808901 
874438 
874439 
874440 
874442 
808906 
874444 
874446 
808911 
874449 
874452 
874455 
808920 
874458 
808923 
808926 
874463 
874464 
874465 
808929 
874466 
874467 
874469 
808934 
874471 
874473 
808939 
874476 
874478 
874480 
808944 
874482 
874485 
808949 
874487 
874489 
874491 
874494 
808958 
874496 
874498 
808963 
874500 
874503 
808968 
874505 
874507 
874509 
808973 
874512 
874514 
874516 
874518 
808982 
874521 
874522 
874523 
808987 
874524 
874525 
874528 
808992 
874531 
808997 
874534 
874539 
874542 
809006 
874545 
809010 
874548 
809014 
874553 
874554 
809018 
874555 
874556 
874557 
874559 
874561 
809025 
874563 
809029 
874566 
874567 
874568 
874569 
809033 
874570 
874572 
809037 
874574 
874576 
874579 
809044 
874581 
874583 
809047 
874585 
809050 
874588 
874589 
809053 
874590 
874591 
874592 
874593 
874594 
809058 
874595 
874596 
809062 
874599 
874602 
809066 
874605 
809070 
874610 
874612 
809077 
874614 
874616 
809081 
874619 
809085 
874622 
874625 
809089 
874628 
809096 
874633 
874635 
809099 
874637 
809102 
874639 
809105 
874642 
874643 
874644 
874645 
874646 
809110 
874648 
874650 
809115 
874652 
874655 
874656 
809120 
874657 
874658 
874659 
874660 
874661 
809125 
874662 
874663 
874665 
874667 
874669 
809134 
874672 
809137 
874674 
874676 
809140 
874678 
809143 
874681 
874682 
874683 
874684 
809148 
874685 
874687 
874689 
809153 
874691 
874694 
809158 
874696 
874698 
809163 
874700 
874703 
874704 
874705 
874706 
874707 
874708 
809172 
874709 
874710 
874711 
874713 
809177 
874715 
874717 
809182 
874720 
874722 
809187 
874724 
874726 
874729 
874731 
809196 
874733 
874735 
809201 
874738 
874740 
874742 
809206 
874744 
874747 
809211 
874749 
874751 
874753 
874756 
809220 
874759 
809224 
874762 
809228 
874765 
809232 
874770 
874773 
809239 
874776 
874779 
809243 
809247 
874784 
874786 
809251 
874788 
874790 
874793 
809258 
874795 
874797 
809261 
874799 
809264 
874802 
874803 
809267 
874804 
874805 
874806 
874808 
809272 
874810 
874812 
809276 
874815 
809280 
874817 
874819 
809284 
874821 
874824 
874825 
874826 
874827 
809291 
874828 
874830 
809295 
874832 
874834 
809299 
874837 
874838 
874839 
809303 
874840 
874841 
874844 
809310 
874847 
809313 
874850 
809316 
874855 
809319 
874856 
874857 
874858 
874859 
809324 
874862 
874865 
809329 
874870 
809334 
874872 
874874 
809339 
874877 
874879 
874881 
874883 
809348 
874886 
809351 
874888 
874890 
809354 
874893 
809357 
874895 
874898 
809362 
874899 
874900 
874902 
809367 
874904 
874906 
809372 
874909 
874911 
874913 
809377 
874915 
874918 
874919 
874920 
874921 
874922 
809386 
874924 
874926 
809391 
874928 
874931 
809396 
874933 
874935 
874937 
809401 
874940 
874941 
874942 
874943 
874944 
809410 
874947 
874950 
809415 
874953 
809420 
874958 
874959 
874960 
874961 
809425 
874962 
874964 
874966 
874968 
809434 
874971 
874973 
809438 
874975 
874977 
809442 
874980 
874982 
809446 
874984 
874986 
874989 
809453 
874991 
874993 
809457 
874995 
809461 
874998 
875000 
809465 
875002 
875004 
875007 
809472 
875009 
875011 
809475 
875013 
809478 
875016 
875017 
809481 
875018 
875019 
875020 
875022 
809486 
875024 
875026 
809490 
875029 
809494 
875031 
875033 
809498 
875035 
875038 
875040 
809505 
875042 
875044 
809509 
875047 
875049 
809513 
875051 
875053 
809517 
875056 
875057 
875058 
875059 
875060 
809524 
875062 
809527 
875064 
875066 
809530 
875069 
809533 
875071 
875073 
809538 
875075 
875078 
875079 
809543 
875080 
875081 
875082 
875083 
875084 
809548 
875085 
875086 
875089 
809553 
875092 
875097 
809562 
875099 
809565 
875102 
809568 
875105 
809571 
875108 
875111 
809576 
875116 
875117 
809581 
875118 
875119 
875120 
875122 
809586 
875124 
875127 
809591 
875128 
875129 
875130 
875131 
875133 
875135 
809600 
875137 
875140 
809605 
875142 
875144 
875146 
809610 
875149 
875150 
875151 
809615 
875152 
875153 
875155 
875157 
875159 
809624 
875162 
875163 
875164 
875165 
809629 
875166 
875168 
875170 
809634 
875172 
875175 
809639 
875178 
875181 
875184 
809648 
809652 
875189 
875190 
875191 
875192 
809656 
875193 
875195 
809660 
875197 
875199 
875202 
875203 
809667 
875204 
875205 
875206 
809671 
875208 
875210 
809675 
875212 
875215 
809679 
875217 
875219 
875221 
809686 
875224 
875225 
809689 
875226 
875227 
875228 
809692 
875231 
809695 
875234 
809700 
875237 
809704 
875242 
875243 
875244 
809708 
875245 
875246 
809712 
875249 
875252 
875255 
809719 
809723 
875260 
875262 
809727 
875264 
875266 
809731 
875269 
875271 
875273 
809738 
875275 
809741 
875278 
875280 
809744 
875282 
809747 
875284 
875287 
809752 
875289 
875291 
875293 
809757 
875296 
875297 
875298 
809762 
875299 
875300 
875301 
875302 
875303 
809767 
875304 
875305 
875306 
875307 
875308 
875311 
809776 
875314 
809779 
875317 
809782 
809785 
875322 
875324 
875326 
809790 
875328 
875331 
809795 
875333 
875335 
809800 
875337 
875340 
875341 
809805 
875342 
875343 
875344 
875345 
809814 
875353 
875355 
809819 
875357 
875359 
809824 
875362 
875364 
809829 
875366 
875368 
875371 
875372 
875373 
875374 
809838 
875375 
875378 
809843 
875381 
875384 
809848 
875389 
809853 
875390 
875391 
875392 
875393 
875396 
809862 
875399 
875402 
809866 
809870 
875407 
875409 
809874 
875411 
875413 
875416 
809881 
875418 
875420 
809885 
875422 
875425 
809889 
875427 
875429 
809893 
875431 
875434 
875436 
809900 
875438 
809903 
875440 
809906 
875443 
875444 
875445 
809909 
875446 
875447 
875449 
809914 
875451 
875453 
809918 
875456 
875457 
875458 
809922 
875459 
875460 
809926 
875463 
875466 
875469 
809933 
809937 
875474 
875475 
875476 
875477 
809941 
875478 
875480 
809945 
875482 
875484 
875487 
875488 
809952 
875489 
875490 
875491 
809955 
875492 
875493 
875494 
809958 
875496 
809961 
875498 
875500 
809966 
875503 
875506 
875507 
809971 
875510 
809976 
875513 
875516 
809981 
875521 
875523 
875525 
809990 
875527 
809993 
875530 
875532 
809996 
875534 
809999 
875536 
875539 
810004 
875541 
875543 
875545 
810009 
875548 
875549 
875550 
810014 
875551 
875552 
875555 
810019 
875558 
875561 
810028 
875566 
875567 
875568 
875569 
810033 
875570 
875573 
810038 
875576 
875579 
810043 
875584 
875586 
875588 
810052 
875590 
875593 
810057 
875595 
875597 
810062 
875599 
875602 
810067 
875604 
875606 
875608 
875611 
810076 
875613 
875615 
810080 
875617 
875620 
810084 
875621 
875622 
875623 
875624 
810088 
875625 
875626 
875627 
875628 
875631 
810095 
875634 
810099 
875637 
810103 
875642 
810107 
875644 
875646 
875648 
810114 
875651 
875653 
810117 
875655 
810120 
875657 
810123 
875660 
875661 
875662 
875663 
875664 
810128 
875666 
875668 
810132 
875670 
810136 
875673 
875675 
810140 
875677 
875679 
875682 
875683 
810147 
875684 
875685 
875686 
810151 
875689 
810155 
875692 
875695 
810159 
875700 
875702 
810166 
875704 
810169 
875706 
810172 
875709 
875711 
810175 
875713 
875715 
810180 
875718 
875720 
810185 
875722 
875724 
810190 
875727 
875728 
875729 
875730 
875731 
810195 
875734 
875737 
875740 
810204 
810207 
875745 
875746 
810210 
875747 
875748 
875749 
810213 
875752 
810218 
875755 
875758 
810223 
875763 
810228 
875765 
875767 
875769 
810233 
875772 
875774 
875776 
875778 
810242 
875781 
875783 
810247 
875785 
875787 
810252 
875790 
875792 
810257 
875794 
875796 
875799 
875800 
875801 
875802 
810266 
875803 
875805 
875807 
810271 
875809 
875812 
810276 
875813 
875814 
875815 
875816 
810281 
875819 
875822 
875825 
810290 
875830 
810294 
875831 
875832 
875833 
875834 
810298 
875836 
875838 
810302 
875840 
875843 
875844 
875845 
810309 
875846 
875847 
875848 
875849 
810313 
875850 
875851 
875853 
810317 
875855 
875857 
810321 
875860 
875862 
875864 
810328 
875866 
810331 
875869 
875870 
810334 
875871 
875872 
875873 
810337 
875876 
810342 
875879 
875882 
810346 
810350 
875887 
875889 
810354 
875891 
875893 
875896 
810361 
875898 
875900 
810365 
875902 
875905 
810369 
875907 
875909 
810373 
875911 
875914 
875915 
875916 
810380 
875917 
875918 
810383 
875921 
810386 
875924 
810389 
875927 
810394 
875932 
875933 
875934 
810398 
875935 
875936 
810402 
875939 
875942 
810406 
875945 
810413 
875950 
875952 
810416 
875954 
810419 
875956 
810422 
875959 
875961 
875963 
810427 
875965 
810430 
875968 
810433 
875970 
875972 
810436 
875974 
875977 
810441 
875979 
875981 
810445 
875983 
810449 
875986 
875987 
875988 
875989 
810453 
875990 
875991 
875992 
875993 
875994 
810460 
875997 
810463 
876000 
810466 
876003 
810469 
876008 
876010 
810474 
876012 
876014 
810478 
876017 
810482 
876019 
876021 
810486 
876023 
876026 
876027 
876028 
876029 
810493 
876030 
876031 
876032 
810496 
876033 
876034 
810499 
876036 
876038 
810502 
876040 
876043 
810507 
876045 
810510 
876047 
876049 
810513 
876052 
810516 
876053 
876054 
876055 
876056 
810521 
876059 
810525 
876062 
876065 
810529 
810533 
876070 
876072 
876074 
876076 
810540 
876079 
810543 
876081 
810546 
876083 
876085 
810549 
876088 
876090 
810554 
876092 
876094 
810558 
876097 
876098 
810562 
876099 
876100 
876101 
810566 
876104 
876107 
810573 
876110 
810576 
876115 
810579 
876116 
876117 
876118 
810582 
876119 
876122 
810587 
876125 
810590 
876128 
810593 
810596 
876133 
876135 
876137 
810601 
876139 
810605 
876142 
876144 
810609 
876146 
876148 
810613 
876151 
876153 
876155 
810620 
876157 
810623 
876160 
876162 
810626 
876164 
810629 
876166 
876169 
876170 
810634 
876171 
876172 
876173 
810638 
876175 
876177 
810642 
876179 
876182 
810646 
876183 
876184 
876185 
876186 
876189 
810653 
876192 
810656 
876195 
810659 
810662 
876200 
876201 
876202 
876203 
810667 
876204 
876206 
810670 
876208 
810673 
876210 
810676 
876213 
876214 
876215 
876216 
876217 
810681 
876218 
876219 
876220 
876221 
810685 
876223 
876225 
810689 
876227 
810693 
876230 
876232 
876234 
876236 
810700 
876239 
810703 
876240 
876241 
876242 
810706 
876243 
810709 
876246 
876249 
810714 
876252 
810718 
876257 
810722 
876259 
876261 
810726 
876263 
876266 
876268 
810733 
876270 
876272 
810736 
876275 
810739 
876277 
810742 
876279 
876281 
810747 
876284 
876285 
876286 
810750 
876287 
876288 
810753 
876291 
810756 
876294 
876297 
810761 
810765 
876302 
876303 
876304 
876305 
810769 
876306 
876309 
810773 
876312 
876315 
810780 
810783 
876320 
876322 
810786 
876324 
810789 
876326 
876329 
810794 
876331 
876333 
810798 
876335 
876338 
810802 
876340 
876342 
810806 
876344 
876347 
876349 
810813 
876351 
810816 
876353 
810819 
876356 
876357 
876358 
810822 
876359 
876360 
876361 
876362 
876363 
810827 
876364 
876365 
876366 
810830 
876367 
876368 
810833 
876371 
810836 
876374 
876377 
810841 
810845 
876382 
876384 
810849 
876386 
876388 
810853 
876391 
876392 
876393 
876394 
876395 
876396 
810860 
876397 
876398 
876399 
810863 
876400 
810866 
876403 
876405 
810869 
876407 
876409 
810874 
876412 
876413 
876414 
810878 
876415 
876416 
810882 
876421 
810886 
876424 
876426 
876428 
810893 
876430 
810896 
876433 
876435 
810899 
876437 
810902 
876439 
876442 
876443 
810907 
876444 
876445 
876446 
810910 
876449 
810913 
876452 
810916 
876455 
810921 
876460 
876461 
810925 
876462 
876463 
876464 
810929 
876466 
876468 
810933 
876470 
876473 
876475 
810940 
876477 
876479 
810943 
876482 
810946 
876483 
876484 
876485 
810949 
876486 
876488 
876490 
810954 
876492 
810958 
876495 
876497 
810962 
876499 
876501 
810966 
876504 
876505 
876506 
876507 
876508 
876509 
810973 
876510 
876511 
876512 
810976 
876513 
876514 
876515 
810979 
876516 
876518 
810982 
876520 
876522 
810987 
876525 
876526 
810990 
876527 
876528 
876529 
810993 
876531 
810996 
876533 
876535 
811001 
876538 
876539 
876540 
811004 
876541 
876542 
876543 
811007 
876544 
811010 
876548 
876551 
811015 
876554 
811018 
876557 
811021 
811024 
876562 
876565 
811029 
876568 
811034 
876571 
811039 
876576 
876579 
811044 
876582 
876585 
811053 
876590 
876592 
811057 
876594 
876596 
811061 
876599 
876601 
811065 
876603 
876605 
876608 
811072 
811074 
876611 
811076 
876614 
811078 
876617 
811081 
811084 
876622 
876623 
811087 
876624 
876625 
876626 
811090 
876627 
876628 
876629 
876630 
811095 
876632 
876634 
811099 
876636 
876639 
811103 
876642 
811107 
876645 
876648 
811114 
876653 
811118 
876655 
876657 
811122 
876659 
876662 
811126 
876664 
876666 
876668 
811133 
876671 
811135 
876673 
811137 
876675 
811139 
876677 
811142 
876680 
811144 
876681 
876682 
811146 
876683 
876684 
811148 
876686 
811151 
876688 
876690 
811154 
876693 
811157 
876694 
876695 
876696 
811160 
876697 
876699 
876701 
811165 
876703 
811168 
876706 
811171 
876709 
811174 
876712 
876715 
811179 
811181 
811183 
876720 
811185 
876722 
876724 
811188 
876726 
811191 
876729 
811194 
876731 
876733 
811197 
876735 
876738 
811202 
876740 
811204 
876742 
811206 
876744 
811208 
876747 
811211 
876748 
876749 
876750 
811214 
876751 
876753 
811217 
876755 
811220 
876757 
876760 
811225 
876762 
876764 
811228 
876766 
811231 
876769 
811234 
876771 
876773 
876775 
811239 
876778 
811242 
876779 
876780 
876781 
811245 
876782 
876783 
876784 
811248 
876785 
876786 
876788 
811253 
876790 
876792 
811257 
876795 
876797 
811261 
876799 
876801 
811265 
876804 
876807 
811272 
876810 
811275 
876813 
811278 
811281 
876818 
876820 
876822 
811286 
811287 
876824 
811288 
811289 
811290 
876827 
811292 
876829 
811294 
876831 
811296 
876833 
811299 
876836 
876838 
811303 
876840 
876842 
811307 
876845 
876846 
876847 
811311 
876848 
876849 
876851 
876853 
811318 
876855 
876858 
811324 
876861 
876864 
811329 
876867 
876872 
876874 
811338 
876876 
876878 
811342 
876881 
811345 
876883 
876885 
811350 
876887 
876890 
811355 
876892 
876894 
811359 
876896 
876899 
876900 
876901 
876902 
811366 
876903 
876904 
876905 
876906 
811370 
876907 
876909 
811374 
876911 
876913 
811378 
876916 
876918 
876920 
811385 
876922 
811388 
876925 
876927 
811391 
876929 
811394 
876931 
876934 
811399 
876937 
811402 
876940 
811405 
876943 
811410 
876948 
876950 
811414 
876952 
876954 
876957 
811421 
876959 
811424 
876961 
876963 
811427 
876966 
811432 
876969 
811435 
876972 
811437 
876975 
811439 
811441 
876980 
811444 
876981 
876982 
876983 
811447 
876984 
876985 
876986 
811450 
876987 
876988 
811453 
876990 
876992 
876994 
811458 
876997 
811461 
876999 
811464 
877001 
877003 
811467 
877006 
877007 
877008 
811472 
877009 
877010 
811475 
877013 
811478 
877016 
811481 
877019 
811486 
877024 
877025 
811489 
877026 
877027 
877028 
811492 
877030 
811495 
877032 
877034 
811500 
877037 
877039 
811504 
877041 
877043 
811508 
877046 
811512 
877049 
877052 
877055 
811519 
811520 
811521 
811522 
811523 
877060 
811525 
877063 
811527 
811529 
877066 
811532 
877069 
811536 
877074 
811540 
877077 
877080 
811544 
877083 
811551 
877088 
811553 
877090 
811555 
877092 
877094 
811558 
877097 
811562 
877099 
877101 
811565 
877103 
877106 
811570 
877109 
811575 
877112 
877115 
811580 
877120 
877121 
811585 
877122 
877123 
877124 
877125 
877126 
877127 
877128 
877130 
811594 
877132 
811597 
877134 
811600 
877137 
811603 
877140 
877143 
811608 
877146 
811612 
877151 
811616 
877153 
877155 
811620 
877157 
877160 
877162 
811627 
877164 
811629 
877166 
811631 
877169 
811633 
877171 
811636 
877173 
877175 
811639 
877178 
811642 
877179 
877180 
877181 
811645 
877182 
877184 
877186 
811650 
877188 
811654 
877191 
877192 
877193 
877194 
811658 
877195 
877197 
811662 
877199 
877201 
877204 
811669 
877207 
811673 
877210 
877213 
811677 
811681 
877218 
877220 
877222 
877224 
811688 
811690 
877227 
811692 
877229 
811694 
877231 
877233 
811697 
811699 
877236 
811701 
877238 
811703 
877240 
877242 
811706 
877245 
811709 
877246 
877247 
877248 
811712 
877249 
877251 
811715 
877253 
877255 
811720 
877258 
811723 
877260 
877262 
811726 
877264 
811729 
877267 
877269 
811734 
877271 
811736 
877273 
811738 
877276 
811740 
877277 
877278 
877279 
811743 
877280 
877281 
877282 
811746 
877283 
877284 
811749 
877286 
877288 
811752 
877290 
877293 
811757 
877295 
811759 
877297 
811761 
877299 
811763 
877302 
811766 
877305 
811769 
877308 
811772 
877311 
811775 
877316 
811780 
877318 
811783 
877320 
877322 
811786 
877325 
811789 
877327 
877329 
811794 
877331 
811797 
877334 
877336 
811800 
877338 
811803 
877340 
877343 
877344 
811808 
877345 
877346 
877347 
811812 
877349 
877351 
811816 
877353 
877356 
811820 
877359 
877362 
811827 
877365 
811830 
811833 
877370 
877372 
811836 
877374 
877376 
811841 
811842 
877379 
811843 
811844 
877381 
811845 
877383 
811847 
877385 
811849 
811851 
877388 
877390 
811854 
877392 
877394 
877397 
811861 
877398 
877399 
877400 
877401 
877402 
811866 
877403 
877404 
877405 
877407 
877409 
877411 
811875 
877414 
811879 
877416 
877418 
811882 
877420 
877423 
811887 
877425 
811890 
877427 
877429 
811893 
877432 
811896 
877435 
811901 
877438 
877441 
811905 
811909 
877446 
877448 
811913 
877450 
877452 
877455 
811920 
877457 
877459 
811924 
877461 
877464 
811928 
877467 
811932 
877470 
877473 
811939 
811941 
877478 
877479 
811943 
877480 
877481 
811945 
877482 
877483 
877484 
811948 
877485 
877486 
811951 
877488 
877490 
811954 
877492 
811957 
877495 
877497 
811962 
877499 
877501 
811967 
877504 
877505 
877506 
877507 
811971 
877508 
877511 
877514 
811978 
877517 
811981 
811983 
877522 
811986 
877523 
877524 
811988 
877525 
877526 
811991 
877528 
877530 
811994 
877532 
811997 
877535 
877536 
812000 
877537 
877538 
877539 
877541 
812005 
877543 
812007 
877545 
812009 
812011 
877548 
877549 
877550 
812014 
877551 
877552 
812016 
877553 
877554 
812018 
877555 
877556 
812020 
877557 
877558 
877559 
812023 
877560 
812026 
877563 
812029 
877566 
812032 
877569 
812037 
877574 
877576 
812040 
877578 
812043 
877580 
812046 
877583 
877585 
877587 
812051 
877589 
812054 
877592 
877593 
812057 
877594 
877595 
877596 
812060 
877598 
877600 
812065 
877602 
877605 
812069 
877606 
877607 
877608 
877609 
812073 
877611 
877613 
812077 
877615 
877618 
812084 
877621 
812085 
812086 
812087 
877624 
812088 
877627 
812092 
812095 
877632 
877634 
877636 
812100 
877638 
812104 
877641 
877643 
812107 
877645 
877647 
812112 
877650 
877651 
877652 
877653 
812117 
877654 
877656 
877658 
812122 
877660 
877663 
812127 
877664 
877665 
877666 
877667 
877668 
877669 
877670 
877671 
812136 
877674 
812140 
877677 
877680 
812144 
812148 
877685 
877687 
877689 
877691 
812155 
812157 
877694 
812159 
877696 
812161 
877698 
877700 
812164 
877703 
812167 
877704 
877705 
877706 
812170 
877707 
877709 
812173 
877711 
877713 
812178 
877716 
877717 
877718 
812182 
877719 
877720 
877721 
877722 
812186 
877723 
877724 
812190 
877727 
877730 
877733 
812197 
812201 
877738 
877740 
812205 
877742 
877744 
812209 
877747 
877749 
877751 
812216 
877753 
812218 
877756 
812220 
877757 
877758 
812222 
877759 
877760 
812225 
877762 
812227 
877764 
812229 
877766 
812231 
877769 
877770 
812234 
877771 
877772 
877773 
812237 
877774 
877775 
877776 
812240 
877777 
877778 
877779 
812243 
877780 
877781 
877784 
812248 
877787 
812251 
877790 
812254 
812257 
877795 
877797 
812262 
877799 
812264 
877801 
812266 
877804 
812268 
877806 
812271 
877808 
877810 
812274 
877813 
812277 
877814 
877815 
877816 
812280 
877817 
877819 
877821 
812285 
877823 
812287 
812289 
877826 
877827 
812291 
877828 
877829 
877830 
812294 
877832 
812297 
877834 
877836 
812300 
877839 
812303 
877842 
812308 
877845 
812311 
877848 
812314 
877853 
812317 
877855 
877857 
812322 
877859 
812325 
877862 
877864 
812328 
877866 
812331 
877868 
877871 
877872 
812336 
877873 
877874 
877875 
812340 
877877 
877879 
812344 
877881 
877884 
812348 
877885 
877886 
877887 
877888 
877889 
877890 
877891 
812355 
877892 
812358 
877895 
812361 
877898 
812364 
877901 
812369 
877906 
812370 
812371 
877908 
812372 
812373 
877910 
812375 
877912 
812377 
877915 
812379 
877917 
812382 
877919 
877921 
812386 
877924 
877925 
877926 
812390 
877927 
877928 
877930 
812394 
877932 
877934 
877937 
812401 
877938 
877939 
877940 
877941 
877942 
812406 
877943 
877944 
877945 
812411 
877948 
877951 
812416 
877954 
877959 
877961 
812425 
877963 
812428 
877965 
812431 
877968 
877970 
812434 
877972 
877974 
812439 
877977 
812441 
877978 
877979 
812443 
877980 
877981 
812445 
877984 
812448 
877987 
812452 
877990 
812456 
877995 
877996 
812460 
877997 
877998 
877999 
878000 
878001 
878002 
878003 
812467 
878006 
812471 
878009 
812475 
878012 
812479 
878017 
878020 
812486 
878023 
812489 
878026 
812492 
878031 
812495 
878035 
812500 
878039 
812503 
812506 
878043 
812509 
878050 
812514 
878053 
812518 
878056 
812522 
878059 
812526 
878064 
878066 
878068 
812533 
878070 
812535 
878073 
812537 
878074 
878075 
812539 
878076 
878077 
812542 
878080 
812545 
878083 
812548 
878086 
812551 
878091 
812556 
812558 
878096 
812560 
812562 
878101 
812565 
812567 
812569 
878106 
812571 
812574 
812577 
878115 
812580 
878118 
812583 
878121 
878124 
812588 
812591 
878129 
812594 
878131 
878133 
812597 
878135 
878138 
812602 
878140 
812605 
878142 
878144 
812608 
878147 
812611 
878149 
878151 
812616 
878153 
878156 
812620 
878157 
878158 
878159 
878160 
812624 
878162 
878164 
812628 
878166 
878169 
878171 
812635 
812636 
878173 
812637 
812638 
878175 
812639 
878178 
812642 
812645 
878182 
812648 
878186 
812653 
878190 
812657 
878197 
812661 
878200 
812665 
878203 
878206 
812672 
812674 
878211 
878212 
812676 
878213 
878214 
812678 
878215 
878217 
812681 
878219 
812684 
878221 
812687 
878224 
812690 
878227 
878230 
812695 
878233 
812697 
812699 
812701 
878238 
812704 
878242 
812709 
878246 
878250 
812714 
812719 
878257 
878259 
878261 
878263 
812728 
878266 
812731 
878268 
878270 
812734 
878272 
812737 
878275 
878276 
878277 
878278 
812742 
878279 
878281 
812746 
878283 
878285 
812750 
878288 
878290 
812754 
878292 
878294 
878297 
812761 
878299 
812763 
878301 
812765 
878303 
812767 
878306 
812770 
878309 
812773 
878312 
812776 
878315 
812779 
878320 
812784 
878322 
878324 
812788 
878326 
812792 
878329 
812796 
878333 
878337 
812803 
878341 
812807 
812811 
878348 
878351 
812815 
878354 
878357 
812822 
812824 
878362 
812826 
878363 
878364 
812828 
878365 
878366 
812831 
878368 
812833 
878370 
812835 
878372 
812837 
878375 
812840 
878378 
812843 
878381 
812846 
878384 
812849 
878389 
812854 
812857 
878394 
812860 
878399 
812863 
878404 
812868 
812870 
812872 
812874 
878413 
812877 
878416 
812880 
878419 
812883 
878422 
812886 
878427 
812891 
878429 
812893 
878431 
812895 
878433 
812897 
878436 
812900 
878438 
812903 
878440 
878442 
812906 
878445 
812909 
878447 
878449 
812914 
878451 
812917 
878454 
878456 
812920 
878458 
812923 
878460 
878463 
812928 
878465 
878467 
812931 
878469 
812934 
878472 
812937 
878475 
878478 
812942 
878481 
812946 
878486 
812950 
878488 
878490 
812954 
878492 
878495 
812961 
878499 
812964 
878503 
812967 
812970 
878507 
812975 
812977 
878514 
812979 
878517 
812981 
878520 
812984 
878523 
812988 
878528 
812992 
878529 
878530 
878531 
878532 
812996 
878534 
878536 
878538 
813003 
878541 
878544 
813008 
878547 
813013 
878550 
813018 
878555 
878559 
878563 
813027 
813030 
878567 
813033 
813036 
878574 
878576 
813041 
878578 
878580 
813044 
878583 
813047 
878585 
813050 
878587 
878589 
813055 
878592 
878593 
878594 
878595 
813059 
878596 
878598 
813063 
878600 
878602 
813067 
878605 
878606 
878607 
878608 
878609 
813074 
878612 
813078 
878615 
878618 
813082 
813086 
878623 
878626 
878629 
813093 
813095 
878632 
813097 
813099 
878637 
813102 
878641 
813105 
813108 
878645 
813111 
878649 
813116 
878656 
813120 
878659 
813124 
878662 
813128 
878665 
878670 
878671 
813135 
878672 
878673 
813137 
878674 
813139 
878676 
813141 
878678 
878680 
813144 
813146 
878683 
813148 
878686 
813150 
878689 
813153 
878692 
813156 
813159 
878697 
813162 
878702 
813167 
813169 
878707 
813171 
813173 
878712 
813176 
813178 
813180 
813182 
878721 
813185 
878724 
813188 
878727 
813191 
878730 
813194 
878735 
813199 
878737 
878739 
813203 
878741 
813207 
878744 
878746 
813211 
878748 
878750 
878753 
813218 
878756 
813221 
878759 
813224 
878762 
813227 
878767 
813232 
878769 
878771 
813235 
878773 
813238 
878776 
813241 
878778 
878780 
878782 
813246 
878785 
813250 
878787 
878789 
813254 
878791 
878794 
813258 
878796 
878798 
878800 
813265 
813266 
878803 
813267 
813268 
878805 
813269 
878807 
813272 
878809 
813275 
878812 
813278 
878816 
813283 
878820 
813287 
878824 
813291 
878831 
813295 
878834 
878837 
813302 
878840 
813304 
813306 
813308 
878845 
878846 
878847 
813311 
878848 
878849 
813314 
878851 
878853 
813317 
878855 
813320 
878858 
878861 
813325 
878864 
813330 
878867 
813335 
878872 
878876 
813340 
878880 
878884 
813349 
813352 
878891 
813355 
878893 
813358 
878895 
878897 
813363 
878900 
878902 
813367 
878904 
878906 
813371 
878909 
878910 
878911 
813375 
878912 
878913 
878916 
813382 
878919 
813384 
878922 
813386 
813388 
878927 
813391 
878928 
878929 
878930 
813394 
878931 
878932 
878933 
813397 
878934 
878935 
813400 
878938 
878941 
813405 
878944 
813409 
878949 
813413 
878951 
878953 
813417 
878955 
878958 
813424 
878962 
813428 
878966 
813432 
878970 
813436 
878977 
813443 
878980 
813445 
878983 
813447 
813449 
878986 
813452 
813454 
878991 
878992 
813456 
878993 
878994 
813458 
878995 
878997 
813461 
878999 
813464 
879001 
813467 
879004 
813470 
879007 
879010 
813475 
879013 
813478 
813481 
879018 
813484 
879023 
813489 
813491 
879028 
813493 
813495 
879033 
813498 
813501 
813504 
879042 
813507 
879045 
879048 
813512 
813514 
879051 
813516 
813518 
879056 
813521 
879058 
879060 
813524 
879062 
813527 
879065 
813530 
879067 
879069 
879071 
813535 
879074 
813538 
879075 
879076 
879077 
813541 
879078 
879080 
813544 
879082 
879084 
813549 
879087 
813552 
879089 
879091 
813555 
879093 
813558 
879096 
879098 
813563 
879100 
879102 
813567 
879105 
813571 
879108 
879111 
813575 
879114 
813582 
879119 
879121 
813585 
879123 
813588 
879125 
813591 
879128 
879132 
813596 
813597 
813598 
813599 
879136 
813600 
813602 
879140 
813604 
813606 
813609 
879147 
813613 
879150 
879153 
813617 
879156 
813621 
879161 
879162 
879163 
879164 
813628 
879165 
879167 
879169 
813633 
879171 
879174 
813638 
879177 
813643 
879180 
879183 
879188 
813652 
813655 
879192 
813658 
879196 
813661 
879200 
813666 
813669 
879207 
813672 
879210 
813675 
879213 
879216 
813680 
813684 
879221 
879223 
813688 
879225 
879227 
813692 
879230 
879231 
879232 
879233 
879234 
879235 
813699 
879236 
879237 
879238 
813703 
879240 
879242 
813707 
879244 
879247 
813711 
879248 
879249 
879250 
879251 
879252 
879253 
879254 
813718 
879255 
813720 
879257 
813722 
879259 
813724 
879261 
813727 
879264 
879265 
879266 
813730 
879267 
879268 
813733 
879270 
879272 
813736 
879274 
879277 
813741 
879279 
879281 
813745 
879283 
813749 
879286 
879288 
813753 
879290 
879292 
879295 
813760 
879298 
813762 
813764 
879301 
813766 
879304 
813769 
813771 
879309 
813773 
879310 
879311 
813775 
879312 
879313 
813778 
879315 
879317 
813781 
879319 
813784 
879322 
879323 
813787 
879324 
879325 
879326 
879327 
879328 
813792 
879329 
879330 
813794 
879332 
813796 
879334 
813798 
879336 
813801 
879339 
813803 
879340 
879341 
813805 
879342 
879343 
813807 
879345 
813810 
879347 
813812 
879349 
813814 
879352 
813816 
879354 
813819 
879356 
879358 
813822 
879361 
813825 
879363 
813828 
879365 
879367 
813833 
879370 
879372 
813837 
879374 
879376 
813841 
879379 
813845 
879382 
879385 
879388 
813852 
813855 
879393 
879394 
813858 
879395 
879396 
879397 
813861 
879399 
879401 
813866 
879403 
813869 
879406 
879407 
879408 
813872 
879409 
879410 
879411 
813875 
879412 
879413 
879414 
879415 
879416 
813880 
879417 
879418 
879420 
813884 
879422 
879424 
813888 
879427 
879428 
813892 
879429 
879430 
879431 
879433 
879435 
813899 
813900 
879437 
813901 
813902 
813903 
879440 
879442 
813906 
879444 
813909 
879446 
813912 
879449 
879451 
879453 
813917 
879455 
813920 
879458 
813923 
879460 
879462 
813926 
879464 
879467 
813931 
879470 
813936 
879473 
879476 
813941 
879481 
879482 
813946 
879483 
879484 
879485 
879487 
879489 
879491 
813955 
879494 
879495 
813959 
879496 
879497 
879498 
879499 
813963 
879500 
879501 
879502 
813967 
879504 
879506 
879508 
813974 
879511 
879512 
813976 
879513 
879514 
813978 
879515 
813980 
879517 
879519 
813983 
879521 
813986 
879524 
813989 
879526 
879528 
813992 
879530 
879533 
813997 
879535 
879537 
814001 
879539 
814005 
879542 
879543 
879544 
879545 
814009 
879546 
879547 
879548 
879549 
879550 
879552 
814016 
879554 
879556 
814020 
879559 
879560 
814024 
879561 
879562 
879563 
879564 
814028 
879565 
879566 
879567 
879569 
879571 
814035 
879573 
814037 
814039 
879576 
879577 
814041 
879578 
879579 
879580 
814044 
879582 
814046 
879584 
814048 
879586 
814050 
879589 
814053 
879591 
814056 
879593 
879595 
814059 
879598 
814062 
879600 
879602 
814067 
879604 
814070 
879607 
879609 
814073 
879611 
814076 
879613 
879616 
814081 
879618 
814083 
879620 
814085 
879622 
814087 
879625 
814090 
879627 
879629 
814093 
879631 
814096 
879634 
879635 
814099 
879636 
879637 
879638 
879639 
879640 
814104 
879641 
879642 
814106 
879644 
814108 
879646 
814110 
879648 
814113 
879651 
879652 
814116 
879653 
879654 
879655 
814119 
879657 
814122 
879659 
879661 
814127 
879664 
879666 
814130 
879668 
814133 
879670 
814136 
879673 
879675 
879677 
814141 
879679 
814144 
879682 
814147 
879686 
814150 
879690 
814155 
879694 
814159 
814163 
879701 
879702 
879703 
814167 
879704 
879705 
879706 
879707 
879708 
879709 
814174 
879711 
879713 
814177 
879715 
814180 
879718 
879719 
814183 
879720 
879721 
879722 
879724 
814188 
814189 
879726 
814190 
814191 
879728 
814192 
814194 
879731 
879732 
814196 
879733 
879734 
814198 
879735 
879737 
814201 
879739 
879741 
814205 
879744 
814209 
879746 
879748 
814213 
879750 
879753 
879755 
814220 
879757 
879759 
814225 
879762 
879763 
879764 
879765 
879766 
814230 
879768 
879770 
814235 
879772 
879775 
879776 
879777 
879778 
879779 
879780 
814244 
879781 
879782 
879783 
814247 
879784 
879785 
879786 
814250 
879787 
879789 
814253 
879791 
879793 
814258 
879796 
879797 
814261 
879798 
879799 
879800 
814264 
879802 
814267 
879804 
879806 
814272 
879809 
879810 
879811 
879812 
814276 
879813 
879815 
814280 
879817 
879819 
814284 
879822 
879824 
879826 
814291 
879828 
879831 
814295 
879833 
879835 
814299 
879837 
814303 
879840 
879842 
879844 
879846 
814310 
814312 
879849 
814314 
879851 
814316 
879853 
879855 
814319 
879858 
814322 
879861 
814325 
879864 
814328 
879867 
814333 
879872 
814337 
879876 
814341 
879880 
814345 
879884 
814352 
814354 
879891 
814356 
879893 
814358 
879895 
879897 
814361 
879900 
814364 
879902 
814367 
879904 
879906 
814370 
879909 
879911 
814375 
879913 
814377 
879915 
814379 
814381 
879918 
814384 
879921 
814386 
879924 
814388 
814390 
879927 
814393 
879932 
814396 
879934 
814399 
879936 
879938 
814402 
879941 
879943 
814407 
879945 
814410 
879947 
814413 
879950 
879951 
879952 
814416 
879953 
879954 
879955 
879956 
879957 
814421 
879958 
879960 
814424 
879962 
814427 
879964 
814430 
879967 
879970 
814435 
879973 
814439 
879976 
814443 
879981 
879983 
814447 
879985 
879987 
879990 
814454 
814455 
814456 
814457 
879994 
814458 
814460 
879998 
814462 
814464 
880002 
814467 
814471 
880009 
814475 
880012 
880015 
814479 
880018 
814486 
880023 
880024 
814488 
880025 
880026 
814490 
880027 
880028 
814492 
880029 
880030 
880031 
814495 
880032 
880033 
880034 
814498 
880035 
880037 
814501 
880039 
814504 
880041 
880044 
814509 
880046 
880048 
880050 
814514 
880053 
814519 
880056 
880059 
814524 
880062 
880067 
880069 
814533 
880071 
814536 
880073 
814539 
880076 
814542 
880079 
880082 
814547 
880085 
814551 
880090 
814555 
880094 
814559 
880098 
880102 
814566 
814569 
814572 
880109 
880111 
814575 
880113 
880115 
814580 
880118 
814582 
880120 
814584 
880122 
814586 
880124 
814589 
880127 
814592 
880130 
814595 
880133 
814598 
880136 
814603 
880141 
880143 
814607 
880145 
880147 
814611 
880150 
814615 
880153 
880156 
814622 
880159 
814626 
880164 
880166 
814630 
880168 
880170 
814634 
880173 
880175 
880177 
814641 
814642 
880179 
814643 
814644 
814645 
880182 
880183 
814647 
880184 
880185 
814649 
880186 
814651 
880188 
880190 
814654 
880192 
814657 
880195 
814660 
880198 
814663 
880201 
880204 
814668 
814671 
880209 
880210 
814674 
880211 
880212 
880213 
814677 
880215 
880217 
814682 
880219 
814684 
880222 
814686 
814688 
880225 
814691 
880228 
814694 
880231 
814697 
880236 
814700 
880238 
880240 
814705 
880242 
814707 
880245 
814709 
814711 
880248 
814714 
880251 
814717 
880254 
814720 
880259 
814723 
880261 
880263 
814728 
880265 
814731 
880268 
880269 
880270 
814734 
880271 
880272 
814737 
880274 
880276 
880278 
814742 
880281 
814745 
880283 
814748 
880285 
880287 
814751 
880290 
880292 
814756 
880294 
880296 
814760 
880299 
814764 
880301 
880303 
814768 
880305 
880308 
880311 
814775 
880314 
814778 
880317 
814781 
814784 
880322 
880324 
814789 
880326 
880328 
814793 
880331 
814797 
880334 
880337 
814801 
880340 
814808 
880345 
880349 
814813 
880353 
814818 
880357 
814823 
880364 
880366 
880368 
814832 
880370 
814835 
880373 
814838 
880375 
880377 
814841 
880379 
880382 
814846 
814848 
880385 
814850 
880388 
814852 
880391 
814855 
880396 
814860 
880399 
814864 
880402 
880405 
814871 
880410 
814875 
880412 
880414 
814879 
880416 
880419 
814883 
880421 
880423 
880425 
814890 
880428 
814893 
880430 
880432 
814896 
880434 
814899 
880437 
880438 
880439 
880440 
814904 
880441 
880443 
814907 
880445 
814910 
880447 
880450 
880451 
814915 
880452 
880453 
880454 
814919 
880456 
880458 
814923 
880460 
880463 
814927 
880466 
880469 
814934 
880472 
814936 
814938 
814940 
880477 
880479 
814943 
880481 
814945 
880483 
814947 
814949 
880486 
814952 
880489 
814955 
880492 
814958 
880495 
814963 
880500 
880501 
814965 
880502 
880503 
814967 
880504 
880506 
814970 
880508 
814972 
880510 
814974 
814976 
880513 
880515 
814979 
880517 
814982 
880519 
814985 
880522 
880523 
880524 
814988 
880525 
880526 
880528 
814993 
880530 
880532 
814996 
880535 
814999 
880537 
815002 
880539 
880541 
815007 
880544 
880546 
815010 
880548 
815013 
880550 
815016 
880553 
880555 
880557 
815021 
880559 
815025 
880562 
880565 
815029 
880568 
815033 
880571 
880576 
815040 
815041 
815042 
815043 
880580 
815044 
815047 
880584 
815050 
880588 
815053 
815058 
880595 
880597 
815062 
880599 
880601 
815065 
880604 
880606 
815070 
880608 
880610 
815074 
880613 
815077 
880616 
815082 
880619 
880622 
815087 
880627 
815092 
880629 
880631 
880633 
815097 
880636 
880638 
880640 
880642 
815106 
880645 
815110 
880647 
880649 
815114 
880651 
880654 
815118 
880655 
880656 
880657 
880658 
880659 
880660 
880661 
815125 
880662 
815127 
880665 
815129 
815131 
880668 
815134 
880671 
815137 
880676 
815140 
880678 
815143 
880680 
880682 
815148 
880685 
880688 
815152 
880691 
815156 
880694 
815160 
880699 
880702 
815167 
880705 
815171 
880708 
815175 
880713 
880714 
880715 
815179 
880716 
880717 
880718 
880719 
880720 
880721 
880722 
815186 
880723 
880724 
815188 
880725 
815190 
880727 
815192 
880729 
880731 
815195 
815197 
880734 
815199 
880736 
815201 
880738 
880740 
815204 
880743 
815207 
880746 
815210 
880749 
815213 
880752 
815218 
815220 
880757 
815222 
880759 
815224 
880761 
880763 
815227 
815229 
880766 
815231 
880769 
815233 
880772 
815236 
880775 
815239 
815242 
880780 
815245 
880783 
880786 
815250 
815252 
880789 
815254 
815256 
880794 
815259 
880796 
880798 
815262 
880800 
815265 
880803 
815268 
880806 
880809 
815273 
880812 
815276 
815279 
880817 
815282 
880819 
880821 
880823 
815287 
815289 
880826 
815291 
880829 
815293 
880832 
815296 
880835 
815300 
880840 
815304 
880842 
880844 
815308 
880846 
880849 
880851 
815315 
880853 
815318 
880855 
815321 
880858 
880859 
880860 
815324 
880861 
880862 
880864 
815329 
880866 
815330 
815331 
880868 
815332 
815333 
880871 
815335 
815337 
880874 
815339 
880877 
815342 
880880 
815346 
880885 
880886 
815350 
880887 
880888 
880889 
815354 
880891 
880893 
880895 
815361 
880898 
880901 
815367 
880904 
880907 
815372 
880912 
880915 
815381 
880918 
880921 
815385 
815388 
880926 
880927 
880928 
880929 
815393 
880930 
880931 
880932 
815396 
880933 
880934 
880935 
815399 
880936 
880937 
880938 
815402 
880940 
880942 
815407 
880944 
880947 
815412 
880949 
880951 
815416 
880953 
880956 
880959 
815423 
880962 
815426 
880965 
815429 
815432 
880970 
880972 
815437 
880974 
815439 
880976 
815441 
880979 
815443 
880982 
815446 
815448 
880985 
815450 
880988 
815453 
880993 
815457 
880997 
815464 
881001 
815467 
881005 
815469 
815472 
815475 
881012 
881014 
881016 
815480 
881018 
815483 
881021 
815485 
881023 
815487 
881025 
815489 
881027 
815492 
881030 
815495 
881033 
815498 
881036 
815501 
881039 
815506 
881044 
881046 
815510 
881048 
881050 
815514 
881053 
815518 
881056 
881059 
815525 
881062 
815528 
881067 
815531 
881069 
815534 
881071 
881073 
815539 
881076 
881078 
815542 
881080 
815545 
881082 
815548 
881085 
881086 
881087 
881088 
881089 
815553 
881091 
815555 
881093 
815557 
881095 
815559 
881098 
815562 
881101 
815566 
881104 
815570 
881107 
815574 
881112 
881113 
881114 
881115 
881116 
815581 
881118 
815582 
815583 
881120 
815584 
815585 
881122 
881125 
815589 
881128 
815592 
881131 
815597 
881134 
815601 
881139 
815604 
881141 
881143 
881145 
815609 
881148 
881149 
815613 
881150 
881151 
881152 
815617 
881154 
881156 
815621 
881158 
881161 
881162 
881163 
881164 
815628 
881165 
881167 
815631 
881169 
815634 
881171 
815637 
881174 
881176 
881178 
815642 
881180 
881183 
815647 
881186 
815652 
881189 
881192 
815657 
881197 
881199 
881201 
815666 
881203 
881206 
815670 
881209 
815674 
881212 
815678 
881215 
881220 
815685 
881223 
815689 
881226 
881229 
815693 
815697 
881234 
881236 
881238 
881240 
815704 
881243 
815707 
881246 
815710 
881249 
815713 
881252 
815718 
881257 
815723 
881260 
881263 
815728 
881266 
815733 
881271 
881273 
881275 
881277 
815742 
881280 
881282 
815746 
881284 
881286 
815750 
881289 
815754 
881291 
881293 
881295 
815761 
881298 
881299 
881300 
815764 
881301 
881302 
815767 
881304 
881306 
815770 
881308 
881311 
815775 
881312 
881313 
881314 
881315 
815779 
881317 
881319 
815783 
881321 
815787 
881324 
881327 
881330 
815794 
881333 
815797 
815800 
881338 
881339 
815803 
881340 
881341 
881342 
881344 
815808 
881346 
881348 
815812 
881351 
815816 
881354 
815820 
881357 
881360 
815827 
881365 
881366 
881367 
815831 
881368 
881369 
881371 
815835 
881373 
881375 
815839 
881378 
881380 
881382 
815846 
881384 
815849 
881387 
815852 
881389 
881391 
815855 
881393 
881396 
815860 
881398 
815863 
881400 
881402 
881405 
815869 
881407 
881409 
881411 
815877 
881414 
881416 
815881 
881418 
881420 
815885 
881423 
881425 
815889 
881427 
881429 
815893 
881432 
881435 
815900 
881438 
815903 
881441 
815906 
815909 
881446 
881448 
881450 
815914 
881452 
815916 
815918 
881455 
815920 
881457 
881459 
815923 
815924 
881461 
815925 
815926 
815927 
881464 
881466 
881468 
815932 
881470 
815936 
881473 
881474 
881475 
881476 
881477 
881478 
881479 
815943 
881480 
881481 
881483 
815947 
881485 
881487 
815952 
815953 
881490 
815954 
881491 
881492 
881493 
815957 
881494 
815959 
881496 
881498 
815962 
881500 
815965 
881503 
815968 
881506 
815971 
881509 
881512 
815976 
881517 
815981 
881520 
815986 
881523 
881526 
815991 
881531 
881532 
881533 
881534 
881535 
881536 
816000 
881537 
881538 
816002 
881539 
881540 
816004 
881541 
881542 
816006 
881543 
881544 
881545 
816009 
881546 
881547 
816011 
881549 
816013 
881551 
816015 
881553 
816018 
881556 
881558 
816022 
881560 
881562 
816026 
881565 
816030 
881567 
881569 
881571 
816037 
881574 
881576 
816040 
881578 
816043 
881580 
816046 
881583 
881585 
881587 
816051 
881589 
816053 
816055 
881592 
816057 
881594 
881596 
816060 
816061 
881598 
816062 
816063 
816064 
881601 
881602 
881603 
881604 
816068 
881605 
881607 
816072 
881609 
881611 
816076 
881614 
881617 
816083 
881620 
816086 
881623 
816089 
881628 
816092 
881632 
816097 
816098 
816099 
881636 
816100 
816101 
816103 
881640 
816105 
816107 
816110 
881647 
881649 
816113 
881651 
816116 
881653 
816119 
881656 
881660 
816124 
881664 
816129 
881668 
816134 
881675 
816139 
881678 
881681 
881684 
816148 
816150 
816152 
881689 
816154 
881691 
881693 
816157 
881695 
816159 
816161 
881698 
881699 
816163 
881700 
881701 
881702 
816166 
881706 
816170 
881710 
816174 
881714 
816178 
881721 
816185 
881724 
816188 
881727 
816191 
881730 
816194 
881735 
816199 
881736 
881737 
816201 
881738 
881739 
816203 
881741 
816205 
881743 
816208 
881745 
816209 
816210 
816211 
881748 
816212 
881751 
816216 
881754 
816220 
881757 
816224 
881762 
881767 
816231 
816234 
881772 
816237 
816240 
881777 
816245 
816246 
816247 
816248 
816249 
881786 
816251 
881788 
816253 
881790 
816255 
881792 
816258 
881795 
881797 
816261 
881799 
816264 
881801 
816267 
881804 
881808 
816272 
881812 
816277 
881816 
816282 
881823 
816287 
881826 
881829 
881832 
816296 
816298 
816300 
881837 
881838 
816302 
881839 
881840 
881841 
816305 
881843 
816307 
881845 
816309 
881847 
816311 
881850 
816314 
881852 
881854 
816318 
881856 
816322 
881859 
881861 
816326 
881863 
881865 
881868 
881869 
816333 
881870 
881871 
881872 
816336 
881875 
816339 
881878 
816342 
881881 
816347 
816349 
881886 
816351 
881889 
816353 
881892 
816356 
816357 
816358 
881895 
816359 
816360 
881900 
816364 
881902 
881904 
816368 
881906 
816372 
881909 
881911 
881913 
881915 
816379 
881918 
816382 
881920 
816385 
881922 
881924 
816388 
881927 
881928 
881929 
816393 
881930 
816394 
881931 
816395 
816396 
881933 
816397 
881935 
816399 
881937 
816401 
816403 
881940 
816406 
881943 
816409 
881946 
816412 
881949 
816415 
881954 
881956 
816420 
881958 
881960 
816425 
881963 
881965 
816430 
881967 
881969 
816435 
881972 
881976 
881980 
816444 
816446 
881984 
816448 
816450 
816453 
881991 
816455 
881993 
816457 
881995 
816459 
881997 
816462 
882000 
816466 
882003 
882006 
816470 
882009 
816474 
882014 
882017 
816481 
882020 
816484 
882023 
816487 
816490 
882028 
882029 
882030 
882031 
816495 
882032 
882033 
816497 
882034 
882035 
816499 
882036 
816501 
882038 
882040 
816504 
816505 
882042 
816506 
816507 
816508 
882045 
882047 
816512 
882049 
882051 
816516 
882054 
882056 
816520 
882058 
882060 
882063 
816527 
882065 
816530 
882067 
882069 
816533 
882072 
816536 
882074 
882076 
816541 
882078 
816542 
816543 
816544 
882081 
816545 
882083 
816547 
882085 
816549 
882087 
816551 
882090 
816554 
882091 
882092 
882093 
816557 
882094 
882096 
816560 
882098 
816563 
882100 
882103 
816568 
882106 
882109 
816573 
882112 
816578 
882117 
816583 
882121 
882125 
816592 
882129 
816594 
816596 
816598 
882136 
816601 
882138 
816603 
882140 
816605 
882142 
816607 
882145 
816610 
882149 
816614 
882153 
816618 
882157 
816622 
882164 
816629 
882167 
816632 
882170 
816635 
882173 
816638 
882178 
882179 
816643 
882180 
882181 
816645 
882182 
816647 
882184 
816649 
882186 
882188 
816652 
816653 
816654 
882191 
816655 
816656 
882195 
816660 
882199 
816664 
882203 
816668 
882210 
816675 
882213 
816678 
882216 
816681 
882219 
816684 
882224 
882225 
816689 
882226 
816690 
882227 
816691 
882228 
816692 
816693 
882230 
816695 
882232 
816697 
882234 
816699 
882237 
816702 
882240 
816705 
882243 
816708 
882246 
816711 
882251 
816716 
882256 
816721 
882261 
816726 
882266 
816731 
882275 
816740 
882277 
816742 
882279 
816744 
882281 
816746 
882284 
816749 
882286 
816751 
882288 
816753 
882290 
816755 
882293 
816758 
882296 
816762 
882299 
882302 
816766 
816770 
882307 
882311 
816777 
882315 
816780 
882319 
816783 
816786 
882326 
816791 
882329 
816793 
816795 
882332 
816797 
882335 
816800 
816801 
816802 
816803 
882340 
816804 
882341 
882342 
882343 
882344 
816808 
882346 
882348 
816812 
882350 
816816 
882353 
882355 
882357 
882359 
816823 
882362 
816826 
882364 
816829 
882366 
882368 
816832 
882371 
882372 
882373 
816837 
882374 
816838 
882375 
816839 
816840 
816841 
882378 
816843 
882381 
816845 
816847 
882384 
816850 
882389 
816853 
882392 
816856 
882395 
816859 
882398 
816864 
882403 
882405 
816869 
882407 
882409 
816874 
882412 
882414 
816879 
882416 
882418 
882421 
882423 
816888 
882425 
816890 
882427 
816892 
882430 
816894 
882432 
816897 
882434 
816899 
882436 
816901 
882439 
816903 
882440 
882441 
882442 
816906 
882443 
882445 
816910 
882447 
882449 
816914 
882452 
816918 
882455 
882458 
882461 
816925 
816928 
882466 
816931 
882468 
882470 
816934 
882472 
882475 
816939 
882477 
816941 
882479 
816943 
882481 
816945 
882484 
816948 
816949 
816950 
816951 
882488 
816952 
882492 
816956 
882496 
816960 
816964 
882503 
882505 
882507 
816971 
882509 
816974 
882512 
816977 
882515 
816980 
882518 
882521 
816985 
816986 
816987 
816988 
816989 
882526 
816991 
882529 
816993 
816995 
882532 
816998 
882535 
817001 
882540 
817004 
882541 
882542 
882543 
817007 
882544 
882545 
882546 
882547 
882548 
817012 
882550 
882552 
817017 
882554 
882557 
817022 
882559 
882561 
882563 
817027 
882566 
882568 
882570 
882572 
817036 
817038 
882575 
817040 
882577 
817042 
882579 
882581 
817045 
817047 
882584 
817049 
882586 
817051 
882588 
882590 
817054 
882593 
817058 
882595 
882597 
817062 
882599 
882602 
817066 
882603 
882604 
882605 
882606 
882608 
817073 
882610 
882612 
817076 
882615 
817079 
882618 
817082 
882621 
817087 
882624 
817089 
817091 
882629 
817093 
817096 
882633 
817097 
817098 
817099 
817100 
882637 
817104 
882641 
817108 
882648 
817112 
882650 
882652 
882654 
817119 
882657 
817122 
882661 
817125 
817128 
882665 
882669 
817133 
817134 
817135 
817136 
817137 
817139 
882676 
817141 
882679 
817143 
882682 
817146 
882685 
817149 
817152 
882690 
882691 
817155 
882692 
882693 
882694 
882696 
817160 
882698 
882700 
817165 
882703 
817170 
882707 
882711 
817175 
882715 
817184 
882722 
817186 
817188 
882725 
817190 
882728 
817193 
882731 
817195 
817197 
817199 
882736 
882737 
882738 
817202 
882739 
882740 
882742 
817206 
882744 
882746 
817210 
882749 
817214 
882752 
882755 
817221 
882758 
817224 
882763 
817227 
817230 
882768 
817235 
882773 
817237 
817239 
817241 
882778 
817244 
817245 
817246 
817247 
817248 
882787 
817252 
882789 
882791 
817256 
882793 
882796 
817260 
882798 
882800 
882802 
817267 
882805 
882806 
817270 
882807 
882808 
882809 
817273 
882812 
817276 
882815 
817281 
882818 
817282 
817283 
817284 
817285 
882823 
817287 
817289 
882826 
817291 
882829 
817294 
882832 
817297 
817300 
882837 
882838 
882839 
817303 
882840 
882841 
882843 
817308 
882845 
882847 
817313 
882850 
882852 
882854 
817318 
882856 
882859 
817323 
882862 
882865 
882868 
817332 
817334 
817336 
882873 
817338 
882876 
817341 
882879 
817343 
817345 
882882 
817347 
817350 
882887 
882889 
817354 
882891 
882893 
817358 
882896 
882898 
817362 
882900 
882902 
882905 
817369 
882907 
817372 
882909 
882911 
817375 
882914 
817378 
882916 
882918 
817383 
882920 
817385 
882923 
817387 
882924 
882925 
817389 
882926 
882927 
817392 
882929 
817393 
817394 
882931 
817395 
817396 
882933 
882936 
817400 
882939 
817404 
882942 
817408 
882945 
882950 
817415 
882952 
882954 
817418 
882956 
817421 
882959 
817424 
882961 
882963 
882965 
817429 
817430 
817431 
882968 
817432 
817433 
817435 
882972 
817437 
817439 
882976 
817442 
882980 
817445 
817448 
882987 
817451 
882989 
882991 
817456 
882993 
882996 
817461 
882999 
883002 
817466 
883005 
817471 
883010 
883013 
883016 
817480 
817482 
883019 
817484 
817486 
883024 
883025 
817489 
883026 
883027 
817491 
883028 
883029 
817493 
883030 
883031 
817495 
883032 
883034 
817498 
883036 
883038 
817502 
883041 
817506 
883043 
883045 
817510 
883047 
883050 
883052 
817517 
883054 
883056 
817520 
883059 
817523 
883061 
817526 
883063 
883065 
817531 
883068 
817533 
883070 
817535 
883072 
817537 
883074 
817540 
883077 
817541 
817542 
883079 
817543 
817544 
883081 
883083 
817548 
883086 
883087 
883088 
817552 
883089 
883090 
883092 
817556 
883094 
883096 
883099 
817563 
883102 
817566 
883105 
817569 
883108 
817572 
883113 
817577 
817578 
817579 
817580 
883117 
817581 
817583 
883121 
817585 
817587 
883125 
817590 
817593 
883132 
817596 
883134 
817599 
883136 
883138 
817604 
883141 
883145 
817609 
883149 
817614 
883153 
817619 
883160 
883163 
817628 
883166 
817630 
817632 
883169 
817634 
817637 
883174 
883175 
817639 
883176 
883177 
817641 
883178 
817643 
883180 
883182 
817646 
883184 
817650 
883187 
817654 
883191 
817658 
883195 
883199 
817665 
817669 
883206 
817672 
883209 
883212 
817677 
883215 
817679 
817681 
883220 
817684 
883221 
817685 
883222 
817686 
883223 
817687 
883224 
817688 
883226 
883228 
817692 
883230 
817696 
883233 
883236 
817700 
883239 
883242 
817707 
817710 
883247 
817713 
883252 
817716 
883257 
817721 
817722 
817723 
817724 
817725 
883262 
817727 
817729 
817731 
817734 
883271 
883273 
817737 
883275 
817740 
883277 
817743 
883280 
883282 
883284 
817748 
883286 
883289 
817754 
883293 
817759 
883297 
883301 
817768 
817770 
883308 
817772 
883311 
817775 
817777 
883314 
817779 
883317 
817781 
883322 
817786 
883323 
883324 
883325 
883326 
883328 
883330 
817794 
883332 
817797 
883335 
883337 
817802 
883339 
817803 
817804 
883341 
883344 
883346 
817810 
883348 
883350 
883353 
883354 
883355 
817819 
883356 
883357 
817823 
883360 
883363 
883366 
817831 
817832 
883371 
883374 
817839 
883377 
883380 
883385 
817849 
883387 
883389 
817853 
883391 
817856 
883394 
817859 
883396 
883398 
817862 
883400 
883403 
817867 
883405 
817870 
883407 
883409 
817873 
883412 
817876 
883413 
883414 
883415 
883416 
817881 
883418 
883420 
817884 
883422 
817887 
883425 
817890 
883428 
883431 
817895 
883434 
817899 
883439 
817904 
883441 
883443 
883445 
817909 
883448 
817913 
883450 
883452 
883454 
817920 
883457 
817924 
883461 
817927 
883465 
817932 
883469 
817935 
817938 
883476 
817941 
883478 
883480 
883482 
817946 
883485 
817949 
883488 
817952 
883491 
817955 
883494 
817960 
817961 
817962 
883499 
817963 
817964 
883502 
817968 
883505 
883508 
817972 
817976 
883513 
883514 
883515 
883516 
883517 
883518 
883519 
817983 
883520 
883521 
817986 
883523 
883525 
817989 
883527 
817992 
883530 
883532 
817997 
883534 
883536 
818002 
883539 
883541 
883543 
818007 
883545 
883548 
818012 
883550 
883552 
883554 
883557 
818021 
883559 
883561 
818025 
883563 
818029 
883566 
883568 
818033 
883570 
883572 
883575 
883576 
818040 
883577 
883578 
883579 
818044 
883581 
883583 
818048 
883585 
883588 
818052 
883591 
883594 
818059 
883597 
818062 
818065 
883602 
818068 
883606 
818073 
883610 
883614 
818078 
818083 
883621 
883623 
818088 
883625 
883627 
883630 
818097 
883634 
818101 
883638 
818105 
883642 
818109 
883649 
883652 
818116 
883655 
818120 
883658 
818124 
883663 
883664 
818128 
883665 
883666 
883667 
883669 
883671 
818135 
883673 
818138 
883676 
818141 
883680 
818144 
883684 
818149 
883688 
818153 
818157 
883695 
818161 
883698 
883701 
883704 
818168 
818171 
883709 
883710 
818174 
883711 
883712 
883713 
818177 
883715 
883717 
818182 
883719 
818185 
883722 
818188 
883725 
818191 
883728 
883731 
818196 
818199 
883736 
818202 
883741 
818205 
883746 
818210 
818214 
883751 
818217 
818220 
883760 
818224 
883762 
818227 
883764 
883766 
818232 
883769 
883771 
818236 
883773 
883775 
818239 
883778 
883780 
818244 
883782 
883784 
818248 
883787 
818252 
883790 
818256 
883793 
883796 
818263 
883801 
818265 
818267 
883804 
818270 
883807 
883810 
818274 
818278 
883815 
883816 
883817 
883818 
818282 
883819 
883821 
883823 
883825 
818289 
883828 
818292 
883830 
818295 
883832 
883834 
818298 
883837 
883838 
883839 
818303 
883840 
818304 
883841 
818305 
818306 
818307 
883844 
818309 
883847 
818311 
818313 
883850 
818316 
883855 
883858 
818322 
883861 
818326 
883864 
883869 
818333 
883871 
818336 
883873 
883875 
818339 
883878 
818342 
883880 
883882 
818347 
883884 
818348 
818349 
818350 
883887 
818352 
883889 
818354 
883891 
818356 
883893 
818359 
883896 
883897 
883898 
818362 
883899 
883900 
818365 
883902 
883904 
818368 
883906 
883909 
818373 
883912 
818378 
883915 
883918 
818383 
883923 
818388 
883925 
883927 
883929 
883932 
818397 
883934 
818399 
883936 
818401 
883938 
818403 
883941 
818406 
818408 
883945 
818410 
818412 
883949 
818415 
883953 
818419 
818423 
883960 
883962 
818427 
883964 
883966 
883969 
818434 
883972 
818437 
883975 
818440 
883978 
818443 
883983 
818448 
818449 
883986 
818450 
818451 
818452 
883989 
818454 
883992 
818456 
818458 
883997 
818461 
883998 
883999 
884000 
884001 
818465 
884002 
884003 
884004 
884005 
818469 
884007 
884009 
818473 
884011 
884014 
884016 
818480 
884018 
818483 
884020 
818486 
884023 
884025 
818489 
884027 
884029 
818494 
818495 
884032 
818496 
818497 
884034 
818498 
884036 
818500 
884038 
818502 
818504 
884041 
884043 
818507 
884045 
818510 
884047 
818513 
884050 
884052 
818516 
884054 
884056 
818521 
884059 
884060 
884061 
884062 
818526 
884063 
884065 
884067 
818531 
884069 
884072 
818536 
884075 
884078 
884081 
818545 
818547 
818549 
884086 
818551 
884090 
818554 
818556 
884094 
818558 
818560 
884098 
818563 
818567 
884105 
884107 
818571 
884109 
884111 
818575 
884114 
884118 
818582 
818585 
884122 
818588 
884126 
818591 
818596 
884133 
818597 
818598 
818599 
884136 
818600 
818602 
884139 
818604 
884142 
818606 
818609 
884147 
884148 
884149 
818613 
884150 
884151 
884153 
818617 
884155 
884157 
818621 
884160 
884164 
818628 
818631 
884168 
818634 
884172 
818637 
818642 
884179 
818643 
818644 
818645 
884182 
818646 
818648 
884185 
818650 
884188 
818652 
818655 
884193 
884194 
818658 
884195 
884196 
884197 
818661 
884199 
818664 
884201 
884203 
818669 
884206 
884209 
818674 
884212 
884215 
818679 
884220 
818684 
884225 
818693 
884230 
818695 
818697 
884235 
818699 
818702 
818704 
818706 
884244 
818708 
884246 
818711 
884248 
884250 
818715 
884253 
884255 
818719 
884257 
884259 
818723 
884262 
884264 
884266 
818730 
884268 
818733 
884271 
818736 
884274 
818739 
884277 
884280 
818744 
818745 
818746 
818747 
818748 
884285 
818750 
884288 
818752 
818754 
884291 
818757 
884294 
818761 
884299 
884300 
884301 
818765 
884302 
884303 
884305 
818769 
884307 
884309 
884312 
818776 
884314 
818779 
884316 
884318 
818782 
884321 
818785 
884322 
884323 
884324 
884325 
818790 
818791 
884328 
818792 
818793 
818794 
884331 
818796 
884334 
818798 
818800 
884339 
818803 
884342 
818806 
884345 
818809 
884348 
818812 
884353 
818817 
884355 
884357 
818822 
884359 
884362 
818827 
884364 
884366 
884368 
818832 
884371 
884373 
884375 
884377 
818841 
818843 
884380 
818845 
884382 
818847 
884384 
884386 
818850 
818852 
884389 
884390 
818854 
884391 
884392 
818856 
884393 
884395 
818859 
884397 
884399 
818863 
884402 
818867 
884405 
818871 
884408 
884411 
818878 
884416 
818881 
884418 
884420 
818884 
884422 
818887 
884425 
884427 
818892 
884429 
818893 
818894 
884431 
818895 
818896 
884434 
818898 
818900 
884438 
818902 
818905 
884442 
818909 
884446 
818913 
884453 
818917 
884455 
884457 
884459 
818924 
884462 
818927 
884465 
818930 
884468 
818933 
884471 
818938 
818939 
884476 
818940 
818941 
818942 
884479 
818944 
884482 
818946 
818948 
884485 
818951 
884490 
818954 
884491 
884492 
884493 
818957 
884494 
884495 
884496 
818960 
884497 
884498 
884500 
818965 
884502 
884504 
818970 
884507 
884509 
884511 
818975 
884513 
884516 
818980 
884518 
884520 
884522 
884525 
818989 
884527 
818991 
884529 
818993 
884531 
818995 
884534 
818998 
884536 
819000 
884538 
819002 
884540 
819004 
884543 
819007 
884545 
884547 
819011 
884549 
819015 
884552 
884553 
884554 
884555 
819019 
884556 
884558 
884560 
884562 
819026 
884565 
819029 
884568 
819032 
884571 
819035 
884574 
819040 
819041 
819042 
884579 
819043 
819044 
819046 
884583 
819048 
819050 
884587 
819053 
884591 
819057 
819061 
884598 
884600 
819065 
884602 
884604 
884607 
819072 
884611 
819075 
819078 
884615 
819081 
884619 
819086 
819087 
819088 
819089 
884626 
819090 
819092 
884629 
819094 
884632 
819096 
884635 
819099 
819102 
884640 
884641 
819105 
884642 
884643 
884644 
819108 
884646 
884648 
819113 
884650 
884653 
819118 
884657 
819123 
884661 
819128 
884665 
884672 
819137 
884675 
819139 
819141 
884678 
819143 
884681 
819146 
819148 
884686 
819150 
884687 
884688 
819152 
884689 
884690 
819155 
884692 
884694 
819159 
884696 
884699 
819163 
884702 
819167 
884705 
884708 
819174 
884713 
819177 
819180 
884718 
819183 
884723 
819188 
819189 
819190 
819191 
884728 
819192 
819194 
819196 
819198 
884737 
819201 
884739 
884741 
819205 
884743 
819209 
884746 
884748 
819213 
884750 
884752 
884755 
884756 
819220 
884757 
884758 
884759 
819223 
819226 
884763 
819229 
884767 
819234 
884771 
819235 
819236 
819237 
819238 
819240 
884778 
819242 
819244 
884781 
819247 
884784 
819250 
884787 
819253 
884792 
819256 
884793 
884794 
884795 
884796 
819261 
884798 
884800 
884802 
819266 
884805 
884807 
819271 
884809 
884811 
819276 
884814 
884816 
884818 
884820 
819285 
884823 
819287 
819289 
884826 
819291 
884829 
819294 
884832 
819296 
819298 
819300 
884837 
819303 
884840 
884843 
819307 
884846 
819311 
884851 
819315 
884853 
884855 
884857 
819322 
884860 
819325 
884862 
884864 
819328 
884866 
819331 
884869 
884871 
819336 
884873 
819337 
819338 
884875 
819339 
819340 
884878 
819342 
884880 
819344 
884882 
819346 
884884 
819349 
884887 
884888 
884889 
819353 
884890 
884891 
884893 
819357 
884895 
884897 
819361 
884900 
884903 
819368 
884906 
819371 
884909 
819374 
819377 
884914 
884916 
884918 
819382 
819383 
884920 
819384 
819385 
819386 
884923 
819388 
884925 
819390 
884927 
819392 
884929 
819395 
884932 
819398 
884936 
819401 
884940 
819404 
884944 
819409 
819414 
884951 
884953 
884955 
819419 
884957 
884960 
819424 
884963 
884966 
884969 
819433 
819435 
819437 
884974 
819439 
884977 
819442 
884980 
819444 
819446 
884983 
819448 
819451 
884988 
884989 
884990 
884991 
819455 
884992 
884993 
884994 
884995 
819459 
884996 
884998 
819463 
885000 
885002 
885005 
819470 
885007 
885009 
819473 
885011 
819476 
885014 
885015 
819479 
885016 
885017 
885018 
885020 
819484 
819485 
885022 
819486 
819487 
885024 
819488 
819490 
885027 
819492 
885029 
819494 
885031 
885033 
819497 
885036 
819501 
885038 
885040 
819505 
885042 
885045 
819509 
885046 
885047 
885048 
885049 
885051 
819516 
885053 
885055 
819519 
885058 
819522 
885060 
819525 
885062 
885064 
819530 
885067 
819531 
819532 
819533 
885070 
819534 
819536 
885073 
819538 
885076 
819540 
819543 
885081 
819546 
885083 
885085 
819549 
885087 
819552 
885090 
819557 
885094 
885098 
819562 
885102 
819567 
819572 
885109 
885112 
885115 
819581 
885118 
819583 
819585 
885123 
819587 
885124 
885125 
885126 
819590 
885127 
819592 
885129 
819594 
885131 
819596 
885133 
819599 
885136 
819603 
885140 
819607 
885144 
819611 
885148 
819618 
885155 
819621 
885158 
819624 
885161 
819627 
885164 
819632 
885169 
819633 
885170 
819634 
885171 
819635 
885172 
819636 
885173 
819638 
885175 
819640 
885177 
819642 
885179 
819645 
885182 
885185 
819649 
885188 
819653 
885191 
819657 
885196 
885200 
819664 
819667 
885204 
819670 
885208 
819673 
819678 
885215 
819679 
819680 
885217 
819681 
819682 
885219 
819684 
885221 
819686 
885224 
819688 
885225 
885226 
885227 
819691 
885228 
885230 
819694 
885232 
819697 
885234 
819700 
885237 
885240 
819705 
885243 
885246 
819710 
885251 
819715 
885254 
819720 
885257 
885260 
885265 
819729 
885266 
885267 
819731 
885268 
885269 
819733 
885271 
819735 
885273 
819738 
885275 
819740 
885278 
819742 
885279 
885280 
819744 
885281 
885282 
885283 
819747 
885284 
885285 
885286 
819751 
885289 
819755 
885292 
885295 
819759 
885300 
819766 
885303 
819769 
885306 
819772 
885309 
819775 
885314 
885316 
819780 
819781 
885318 
819782 
819783 
885320 
819784 
819786 
885323 
819788 
885325 
819790 
885327 
885329 
819793 
885332 
819797 
885334 
885336 
819801 
885338 
885341 
819805 
885342 
885343 
885344 
885345 
885347 
819812 
885349 
885351 
819815 
885354 
819818 
885357 
819821 
885360 
819826 
885363 
819827 
819828 
819829 
819830 
885368 
819832 
885370 
819834 
885372 
819836 
885374 
819839 
885377 
819842 
885379 
885381 
819845 
885383 
819848 
885386 
819853 
885390 
885394 
819858 
885398 
819863 
819868 
885405 
885407 
885409 
885411 
819877 
885414 
819879 
885416 
819881 
885418 
819883 
885420 
819886 
885423 
819888 
885426 
819890 
819892 
885429 
819895 
885432 
819899 
885437 
885438 
885439 
819903 
885440 
885441 
885443 
819907 
885445 
885447 
885450 
819914 
885452 
819917 
885454 
885456 
819920 
885459 
819923 
885461 
885463 
819928 
885465 
819929 
819930 
819931 
885468 
819932 
885470 
819934 
885472 
819936 
885474 
819938 
885477 
819941 
885480 
819945 
885483 
819949 
885486 
819953 
885491 
885495 
819960 
885499 
819963 
819966 
885503 
819969 
885510 
819974 
819975 
885512 
819976 
819977 
885514 
819978 
885516 
819980 
819982 
885519 
819984 
885521 
885523 
819987 
885525 
819990 
885528 
819993 
885531 
819996 
885534 
885537 
820001 
885542 
820006 
885545 
820011 
885548 
885551 
820016 
885556 
885558 
885560 
820025 
885562 
820027 
885565 
820029 
885567 
820031 
885569 
820034 
885571 
820036 
885574 
820038 
885576 
820040 
885578 
820043 
885580 
885583 
820047 
885585 
885587 
820051 
885589 
820055 
885592 
885594 
885596 
885598 
820062 
885601 
820066 
885603 
885605 
820069 
885607 
885610 
820074 
885611 
820075 
885612 
820076 
885613 
820077 
885614 
820078 
885616 
820081 
885618 
820083 
885620 
820086 
885623 
885626 
820090 
885629 
820094 
885632 
820098 
885637 
885640 
820105 
885643 
820108 
885646 
820111 
820114 
885651 
885653 
885655 
820119 
820120 
885657 
820121 
820122 
820123 
885660 
820125 
885662 
820127 
885664 
820129 
885666 
820132 
885669 
820135 
885672 
820138 
885675 
820141 
885678 
820146 
885683 
885685 
885687 
820151 
885689 
885692 
820156 
885694 
885696 
820161 
885698 
885701 
885704 
820170 
885707 
820172 
885710 
820174 
820176 
885715 
820179 
820181 
885718 
820183 
885721 
820185 
885724 
820188 
885729 
820193 
885731 
885733 
820197 
885735 
885738 
885740 
820204 
885742 
820206 
885744 
820209 
885747 
820213 
885750 
885753 
820217 
885756 
820221 
885761 
885762 
885763 
885764 
820228 
885765 
820231 
885769 
820234 
885773 
820237 
885777 
820242 
820243 
820244 
820245 
820246 
885784 
820248 
820250 
885787 
820252 
885790 
820255 
885793 
820258 
820261 
885798 
885800 
820264 
885802 
885804 
820269 
885807 
885808 
885809 
820273 
885810 
885811 
820277 
885815 
820281 
885819 
885823 
820288 
820291 
885830 
820294 
885833 
820297 
885836 
820302 
885839 
820304 
820306 
885844 
820308 
885845 
885846 
885847 
820311 
885848 
820312 
820313 
885850 
820314 
820315 
885852 
885854 
820320 
885857 
885860 
820324 
885863 
885866 
820331 
885871 
820336 
885875 
885879 
820343 
885883 
820348 
885890 
820355 
885892 
885894 
820359 
885896 
885899 
885900 
820364 
885901 
885902 
885903 
820368 
885905 
885907 
820371 
885909 
885912 
820376 
885913 
885914 
885915 
885916 
820380 
885919 
820383 
885922 
820388 
885925 
820390 
820392 
885930 
820395 
885932 
885934 
820398 
885936 
820401 
885939 
820404 
885941 
885943 
885945 
820409 
885948 
820412 
885950 
820415 
885952 
885954 
820418 
885957 
885958 
885959 
820423 
885960 
885961 
820426 
885963 
885965 
820429 
885967 
820432 
885970 
885972 
820437 
885974 
885976 
820440 
885979 
820443 
885981 
885983 
820448 
885985 
885988 
820452 
885990 
885992 
820456 
885994 
820460 
885997 
885999 
886001 
886003 
820467 
886006 
820471 
886009 
820474 
886012 
886015 
820479 
820482 
886020 
820485 
886023 
820488 
886026 
886029 
820493 
820496 
886034 
820499 
886036 
886038 
820502 
886040 
886043 
820507 
820508 
820509 
886046 
820510 
820511 
886049 
820515 
886052 
820519 
886057 
820523 
886060 
886063 
886066 
820530 
820533 
886071 
820536 
886073 
886075 
820539 
886077 
886080 
820544 
886082 
886084 
820549 
886086 
886089 
820554 
886091 
886093 
886095 
820559 
886098 
886100 
886102 
886104 
820568 
886107 
820572 
886109 
886111 
820576 
886113 
886116 
820580 
886118 
886120 
886122 
820587 
886125 
820591 
886128 
886131 
820595 
886134 
820599 
886139 
886140 
886141 
886142 
820606 
886143 
886145 
820609 
886147 
820612 
886149 
820615 
886152 
886155 
820620 
886158 
886161 
820625 
886166 
820630 
886169 
820635 
886172 
886175 
886180 
820644 
886182 
886184 
820648 
886186 
820652 
886189 
886192 
820656 
886195 
886198 
820663 
886203 
820667 
886205 
886207 
820671 
886209 
820675 
886212 
886215 
886218 
820682 
886221 
820685 
820688 
886226 
886227 
820691 
886228 
886229 
886230 
886232 
820696 
886234 
886236 
820700 
886239 
820704 
886243 
820708 
886247 
886251 
820715 
820718 
820721 
886258 
820724 
886261 
886264 
820729 
886267 
820732 
820735 
886272 
886274 
820738 
886276 
886278 
820743 
886281 
886283 
820747 
886285 
886287 
820751 
886290 
820755 
886292 
886294 
886296 
820762 
886299 
886300 
886301 
820765 
886302 
886303 
820768 
886307 
820771 
886311 
820776 
820778 
886315 
820780 
820782 
820785 
886322 
820787 
886325 
820789 
820791 
886328 
820794 
886331 
820797 
886336 
820800 
886337 
886338 
886339 
820803 
886340 
886342 
886344 
820808 
886346 
820810 
820812 
886349 
820814 
886353 
820817 
820818 
820819 
820820 
886357 
820821 
886361 
820825 
820829 
886368 
820833 
886371 
886374 
820840 
886377 
820842 
820844 
886382 
820846 
886383 
886384 
886385 
820849 
886386 
886388 
820853 
886390 
886392 
820857 
886395 
820861 
886398 
886401 
886404 
820868 
820871 
886409 
820874 
886413 
820877 
886417 
820882 
820883 
820884 
886421 
820885 
820886 
820888 
820890 
886428 
820892 
886430 
820895 
886432 
886434 
820899 
886437 
886439 
820903 
886441 
886443 
820907 
886446 
886447 
886448 
886449 
886450 
820914 
886453 
820917 
886456 
820920 
886459 
820923 
886464 
820928 
820929 
886466 
820930 
820931 
886468 
820932 
886470 
820934 
820936 
886473 
886474 
820938 
886475 
886476 
886477 
820941 
886479 
820944 
886481 
886483 
820947 
886486 
820950 
886488 
886490 
820955 
886492 
886495 
886496 
820960 
886497 
886498 
886499 
886501 
820965 
886503 
886505 
820970 
886508 
886510 
886512 
886514 
820979 
886517 
820981 
886519 
820983 
886521 
820985 
886523 
820988 
886526 
820990 
820992 
886529 
820994 
886532 
820997 
886535 
821001 
886540 
821005 
886542 
886544 
821009 
886546 
886549 
886552 
821016 
886555 
821019 
886558 
821022 
821025 
886563 
886566 
821030 
821031 
821032 
886569 
821033 
821034 
886572 
821036 
821038 
821040 
886577 
886579 
821043 
886581 
886583 
821047 
886586 
821051 
886589 
821055 
886592 
886595 
821062 
886600 
821065 
886603 
821068 
886606 
821071 
886609 
821076 
821077 
886614 
821078 
821079 
821080 
886617 
821082 
886620 
821084 
821086 
886623 
821089 
886628 
821092 
886630 
821095 
886632 
886634 
821098 
886637 
886639 
821103 
886641 
886643 
821108 
886646 
886648 
821113 
886650 
886652 
821118 
886655 
886657 
886659 
886661 
821127 
886664 
821129 
886666 
821131 
886668 
821133 
886670 
821136 
886673 
886674 
821138 
886675 
886676 
821140 
886677 
821142 
886679 
886681 
821145 
886683 
821149 
886686 
886689 
821153 
886692 
821157 
886695 
886700 
821164 
886702 
821167 
886704 
886706 
821170 
886709 
821173 
886712 
821178 
886715 
821179 
821180 
821181 
886718 
821182 
821184 
821186 
886723 
821188 
886726 
821191 
886729 
821195 
886732 
821199 
886737 
886739 
821203 
886741 
886743 
886746 
821210 
886749 
821213 
886752 
821216 
886755 
821219 
886760 
821224 
821225 
886762 
821226 
821227 
886764 
821228 
886766 
821230 
821232 
886769 
821234 
886772 
821237 
886775 
821240 
886778 
821243 
821246 
886783 
886787 
821251 
886791 
821256 
886795 
821261 
886802 
821266 
886805 
886808 
886811 
821275 
821277 
821279 
886816 
821281 
886819 
821284 
886822 
821286 
821288 
886825 
821290 
821293 
886830 
886832 
821297 
886834 
886836 
821301 
886839 
886841 
821305 
886843 
886845 
886848 
821312 
886849 
886850 
886851 
821315 
886852 
821318 
886856 
821321 
886860 
821326 
821327 
886864 
821328 
821329 
821330 
821332 
821334 
886871 
821336 
886874 
821339 
886877 
821343 
886880 
821347 
886885 
886886 
886887 
821351 
886888 
886889 
886891 
886893 
821358 
886895 
821361 
886898 
821364 
886902 
821367 
886906 
821372 
821373 
886910 
821374 
821375 
821376 
821378 
821380 
886917 
821382 
886920 
821385 
886923 
821388 
886926 
821391 
821394 
886931 
886932 
886933 
886934 
886935 
821399 
886937 
886939 
821404 
886941 
886944 
821409 
886947 
886950 
821414 
886953 
886958 
821423 
821425 
886963 
821427 
821429 
886968 
821432 
821434 
821436 
886973 
821438 
821441 
821445 
886982 
886985 
821449 
886988 
821453 
886991 
886996 
821460 
886998 
821463 
887000 
887002 
821466 
887005 
821469 
887007 
887009 
821474 
887011 
821475 
821476 
821477 
887014 
821478 
887015 
887016 
821480 
887017 
887018 
821482 
821484 
887021 
821487 
887024 
887027 
821491 
821495 
887032 
887034 
821499 
887036 
887038 
887041 
887042 
821506 
887043 
887044 
887045 
821509 
887047 
821512 
887049 
887051 
821515 
887054 
887056 
821520 
821521 
887058 
821522 
821523 
887060 
821524 
821526 
887063 
887064 
821528 
887065 
887066 
821530 
887067 
887069 
821533 
887071 
821536 
887073 
821539 
887076 
887078 
821542 
887080 
887082 
821547 
887085 
887087 
821552 
887089 
887091 
821557 
887094 
887097 
821562 
887100 
887103 
821571 
887108 
821573 
887110 
821575 
887112 
821577 
887114 
821580 
887117 
821582 
887120 
821584 
821586 
887123 
821589 
887126 
821593 
887131 
821597 
887135 
821601 
887139 
887143 
821608 
821611 
887150 
821614 
887152 
821617 
887154 
887156 
821622 
887159 
821623 
821624 
887161 
821625 
821626 
887163 
821628 
887165 
821630 
887168 
821632 
887171 
821635 
887174 
821639 
887177 
821643 
887182 
821647 
887184 
887186 
887188 
821654 
887191 
821657 
887194 
821660 
887197 
821663 
887200 
821668 
887205 
821669 
821670 
821671 
887208 
821672 
821674 
887211 
821676 
887214 
821678 
821681 
887219 
821684 
887221 
887223 
821687 
887225 
821690 
887228 
887230 
821695 
887232 
887234 
821700 
887237 
887239 
887241 
821705 
887243 
887246 
821710 
887248 
887250 
887252 
887255 
821719 
887257 
821721 
887259 
821723 
887261 
821725 
887264 
821728 
821730 
887267 
821732 
887270 
821734 
887273 
821737 
821741 
887278 
887279 
887280 
887281 
821745 
887282 
887284 
821749 
887286 
887288 
887291 
821756 
887295 
821759 
821762 
887299 
821765 
887303 
821770 
821771 
821772 
821773 
887310 
821774 
821776 
887313 
821778 
887316 
821780 
887319 
821783 
821787 
887324 
887326 
821791 
887328 
887330 
821795 
887333 
887336 
821802 
887339 
821805 
887342 
821808 
887347 
821811 
887350 
821816 
887353 
821817 
821818 
821819 
887356 
821820 
821822 
821824 
887361 
821826 
887363 
887365 
821829 
887367 
821832 
887370 
821835 
887373 
821838 
887376 
887379 
821843 
887384 
821848 
887386 
887388 
821853 
887390 
887393 
821858 
887395 
887397 
887399 
887402 
821867 
887405 
821869 
821871 
887408 
821873 
887411 
821876 
821878 
887416 
821880 
821882 
887419 
821885 
887422 
887425 
821889 
821893 
887430 
887432 
821897 
887434 
887436 
887439 
821904 
887441 
887443 
821907 
887445 
821910 
887448 
821913 
887451 
887454 
821918 
821919 
821920 
887457 
821921 
821922 
821924 
887462 
821926 
887463 
887464 
821928 
887465 
887466 
821931 
887470 
821935 
887474 
821939 
887478 
821943 
887485 
821950 
887488 
821953 
887491 
821956 
887494 
821959 
887499 
887500 
821964 
887501 
821965 
887502 
821966 
887503 
821967 
821968 
887505 
821970 
887507 
821972 
887509 
821974 
887512 
821977 
887516 
821980 
821983 
887520 
821986 
887524 
821991 
887531 
821996 
887534 
887537 
822001 
887540 
822006 
887545 
887546 
887547 
887548 
887549 
887551 
822015 
887553 
822017 
887555 
822019 
822021 
887558 
822024 
887561 
822026 
887564 
822028 
822030 
887567 
822033 
887572 
822037 
887576 
822041 
887580 
822045 
887584 
822052 
887591 
822055 
887593 
822058 
887595 
887597 
822061 
887600 
887602 
822066 
822067 
887604 
822068 
822069 
887606 
822070 
822072 
887609 
887610 
822074 
887611 
887612 
822076 
887613 
822079 
887616 
887619 
822083 
887622 
822087 
887627 
822091 
887629 
887631 
887633 
822098 
887636 
887637 
822101 
887638 
887639 
887640 
822104 
887642 
822107 
887644 
887646 
822112 
887649 
822113 
822114 
887651 
822115 
822116 
887653 
822118 
887655 
822120 
887658 
822122 
887659 
887660 
887661 
822125 
887662 
887664 
822128 
887666 
822131 
887668 
822134 
887671 
887673 
887675 
822139 
887677 
887680 
822144 
887682 
887684 
822149 
887686 
887689 
822154 
887692 
887695 
887698 
822163 
822165 
887703 
822167 
887705 
822169 
887707 
822172 
887709 
822174 
887712 
822176 
822178 
887715 
822181 
887718 
887721 
822185 
822189 
887726 
822193 
887730 
887734 
822200 
887738 
822203 
822206 
887745 
822209 
887747 
887749 
822214 
887751 
822215 
822216 
822217 
887754 
822218 
887756 
822220 
887758 
822222 
887760 
822224 
887763 
822227 
887766 
822231 
887769 
822235 
887772 
822239 
887777 
887780 
822246 
887783 
822249 
887786 
822252 
887791 
822255 
887794 
822260 
887797 
822261 
822262 
822263 
887800 
822264 
822266 
822268 
887805 
822270 
887807 
887809 
822273 
887811 
822276 
887814 
822279 
887816 
887818 
822282 
887820 
887823 
822287 
887825 
887827 
822292 
887829 
887832 
822297 
887834 
887836 
887838 
822302 
887841 
887843 
887845 
887847 
822311 
822313 
887850 
822315 
887852 
822317 
887854 
887856 
822320 
822322 
887859 
887860 
822324 
887861 
887862 
822326 
887863 
887865 
822329 
887867 
887869 
822333 
887872 
822337 
887875 
822341 
887878 
887881 
822348 
887886 
822351 
887889 
822354 
887892 
822357 
887895 
822362 
822363 
887900 
822364 
822365 
887902 
822366 
887904 
822368 
887906 
822370 
822372 
887909 
887911 
822375 
887913 
887915 
822379 
887918 
822383 
887921 
822387 
887924 
887927 
822394 
887932 
822397 
887934 
887936 
822400 
887938 
822403 
887941 
887943 
822408 
887945 
822409 
822410 
887947 
822411 
822412 
887950 
822414 
822416 
887953 
822418 
887956 
822421 
887959 
822424 
822427 
887964 
822430 
887967 
887970 
822435 
887973 
822440 
887978 
887981 
822445 
887984 
822450 
887987 
887992 
887994 
822459 
887996 
822461 
887998 
822463 
888001 
822465 
888003 
822468 
888005 
822470 
888007 
822472 
888010 
822474 
888013 
822477 
888016 
822481 
888019 
822485 
888024 
888025 
822489 
888026 
888027 
888028 
888032 
822496 
822499 
888036 
822502 
888040 
822505 
822510 
888047 
822511 
822512 
822513 
888050 
822514 
822516 
888053 
822518 
888056 
822520 
822523 
888061 
888062 
888063 
822527 
888064 
888065 
888067 
822531 
888069 
888071 
822535 
888074 
888078 
822542 
822545 
888082 
822548 
888086 
822551 
822556 
888093 
822557 
822558 
822559 
888096 
822560 
822562 
888099 
822564 
888102 
822566 
822569 
888107 
888108 
822572 
888109 
888110 
888111 
822575 
888113 
822578 
888115 
888117 
822583 
888120 
888123 
822588 
888126 
888129 
822593 
888134 
822598 
888139 
822607 
888144 
822609 
822611 
888149 
822613 
822616 
822618 
822620 
888158 
822622 
888161 
822625 
888164 
822629 
888167 
822633 
888172 
822637 
888174 
888176 
888178 
822644 
888181 
888182 
888183 
822647 
888184 
888185 
822650 
888187 
888189 
822653 
888191 
888194 
822658 
888195 
822659 
888196 
822660 
888197 
822661 
888198 
822662 
822664 
888201 
822666 
888204 
822668 
888207 
822671 
822675 
888212 
888214 
822679 
888216 
888218 
822683 
888221 
888223 
888225 
822690 
888227 
822693 
888230 
888232 
822696 
888234 
822699 
888236 
888239 
888240 
822704 
888241 
822705 
888242 
822706 
888243 
822707 
822708 
888245 
822710 
888247 
822712 
888249 
822714 
888252 
822717 
888254 
888256 
822720 
888258 
822723 
888261 
822726 
888263 
888265 
888267 
822731 
888270 
888272 
822736 
888274 
888276 
822741 
888279 
888281 
822746 
888283 
888285 
888288 
888291 
822755 
822757 
888294 
822759 
888297 
822761 
822764 
888302 
822766 
822768 
888306 
822770 
822773 
888310 
822777 
888314 
822781 
888321 
822785 
888323 
888325 
888327 
822792 
888330 
822794 
888332 
822796 
888334 
822798 
888336 
822801 
888339 
822805 
888342 
888345 
822809 
888348 
822813 
888353 
888356 
822820 
888359 
822823 
888362 
822826 
822829 
888367 
888369 
822834 
888371 
822835 
822836 
888373 
822837 
822838 
888376 
822840 
888378 
822842 
888380 
822844 
888382 
822847 
888385 
822850 
888387 
888389 
822853 
888391 
822856 
888394 
888396 
822861 
888398 
888400 
822865 
888403 
888405 
822869 
888407 
888409 
822873 
888412 
888414 
888416 
822880 
888418 
822883 
888421 
822886 
888424 
822889 
888427 
888430 
822894 
822896 
822898 
888435 
888436 
822900 
888437 
888438 
888439 
822903 
822904 
888441 
822905 
822906 
888443 
822907 
888445 
822911 
888448 
888451 
822915 
888454 
822919 
888457 
888462 
822926 
888464 
822928 
888466 
822930 
888468 
822932 
888471 
822935 
888474 
822939 
888477 
822943 
888480 
822947 
888485 
888488 
822954 
888491 
888494 
822958 
822962 
888499 
888501 
822966 
888503 
888505 
888508 
822973 
888511 
822976 
888514 
822979 
888517 
822982 
888522 
888523 
822987 
888524 
888525 
888526 
822990 
822993 
888530 
822996 
888534 
823001 
888538 
823004 
823007 
888545 
823010 
888548 
888551 
823015 
823017 
888554 
823019 
823021 
888559 
823024 
888561 
888563 
823027 
888565 
823030 
888568 
823033 
888570 
888572 
888574 
823038 
888577 
823041 
888579 
823044 
888581 
888583 
823047 
888586 
888587 
888588 
823052 
888589 
888590 
823055 
888594 
823058 
823061 
888598 
888602 
823066 
823069 
823072 
888609 
823075 
888612 
888615 
823080 
888618 
823084 
888623 
888624 
823088 
888625 
888626 
888627 
823092 
888629 
888631 
888633 
823099 
888636 
823102 
888640 
823105 
888644 
823108 
888648 
823113 
823116 
888655 
823119 
888658 
823122 
888661 
823127 
888664 
823130 
888669 
823133 
888670 
888671 
888672 
823136 
888673 
888675 
888677 
823141 
823142 
888679 
823143 
823144 
823145 
888682 
888685 
823149 
888688 
823153 
888691 
823157 
888696 
823164 
888701 
823167 
888706 
823170 
823173 
888711 
823178 
823183 
888720 
888723 
823188 
888726 
888729 
823193 
888734 
888736 
888738 
823202 
888740 
823206 
888743 
888745 
823210 
888747 
888749 
823214 
888752 
888753 
888754 
888755 
888756 
823221 
888759 
823225 
888762 
888765 
823229 
823233 
888770 
888772 
888774 
888776 
823240 
888779 
823243 
888780 
888781 
888782 
823246 
888783 
888785 
823249 
888787 
888789 
823254 
888792 
888794 
823259 
888796 
888798 
823264 
888801 
888802 
888803 
888804 
888805 
823269 
888807 
888809 
888811 
888814 
823278 
888816 
888818 
823282 
888820 
823286 
888823 
888825 
823290 
888827 
888829 
888832 
823297 
888835 
823301 
888838 
888841 
823305 
823309 
888846 
888848 
888850 
888852 
823316 
888855 
823320 
888858 
823324 
888861 
888864 
823328 
888869 
823335 
888872 
823338 
888875 
823341 
888878 
823344 
888883 
888885 
823349 
888887 
888889 
823354 
888892 
888895 
823359 
888898 
823364 
888901 
888906 
888909 
823373 
888912 
823377 
888915 
823381 
888920 
823385 
888923 
888926 
823392 
888929 
823394 
823396 
888934 
823398 
888936 
823401 
888938 
888940 
823405 
888943 
888945 
823409 
888947 
888949 
823413 
888952 
888954 
888956 
823420 
888958 
823423 
888961 
823426 
888963 
888965 
823429 
888967 
888970 
823434 
888972 
823436 
888974 
823438 
888976 
823440 
888979 
823443 
888980 
888981 
823445 
888982 
888983 
823447 
888985 
823449 
888987 
823452 
888989 
823455 
888992 
823458 
888995 
823461 
888998 
889001 
823466 
823468 
889006 
823470 
889008 
823472 
889010 
823475 
889012 
889015 
823479 
889018 
823483 
889021 
823487 
889024 
889029 
823494 
889032 
823496 
823498 
889035 
823500 
889038 
823503 
889043 
823507 
889046 
823511 
889049 
823515 
889052 
889057 
823522 
889059 
889061 
823525 
889063 
823528 
889066 
823531 
889069 
889072 
823536 
823537 
823538 
889075 
823539 
823540 
823542 
889080 
823544 
889081 
889082 
823546 
889083 
889084 
823549 
889087 
823553 
889090 
889093 
823557 
823561 
889098 
889101 
889104 
823568 
889107 
823571 
823574 
889112 
823577 
889115 
889118 
823582 
823583 
823584 
889121 
823585 
823586 
823588 
889126 
823590 
823592 
889129 
823595 
889132 
823598 
889135 
823601 
889140 
823604 
889142 
889144 
823609 
889146 
889149 
823614 
889151 
889153 
889155 
823619 
889158 
889159 
889160 
823624 
889161 
889162 
889166 
823633 
889170 
823635 
823637 
889174 
823639 
823642 
823644 
889181 
823646 
889184 
823648 
889187 
823651 
889190 
823655 
889195 
823659 
889196 
889197 
889198 
889199 
823663 
889201 
889203 
889205 
823670 
889208 
823673 
889212 
823676 
823679 
889216 
889220 
823684 
823685 
823686 
823687 
823688 
823690 
889227 
823692 
889230 
823694 
889233 
823697 
889236 
823701 
889241 
823705 
889242 
889243 
889244 
889245 
823709 
889247 
889249 
889251 
823716 
889254 
823719 
889257 
823722 
889260 
823725 
889263 
823730 
823731 
889268 
823732 
823733 
823734 
889272 
823736 
823738 
889276 
823740 
823743 
889280 
823746 
823749 
889287 
823752 
889289 
889291 
889293 
823757 
889296 
889298 
823762 
889300 
889302 
823767 
889305 
889306 
889307 
889308 
823772 
889309 
889312 
889315 
823781 
889318 
823783 
823785 
889323 
823787 
889325 
823790 
889327 
823792 
889329 
823794 
889332 
823796 
889333 
889334 
889335 
823799 
889336 
889338 
823803 
889340 
889342 
823807 
889345 
889347 
823811 
889349 
889351 
889354 
823818 
889355 
889356 
889357 
823821 
889358 
889360 
823824 
889362 
823827 
889364 
889367 
823832 
889369 
823833 
823834 
889371 
823835 
823836 
889373 
823838 
889376 
823840 
889378 
823842 
889380 
823845 
889382 
889385 
823849 
889388 
823853 
889391 
823857 
889394 
889399 
823864 
889401 
889403 
823867 
889405 
823870 
889408 
823873 
889410 
889412 
889414 
823878 
823879 
823880 
889417 
823881 
823882 
889420 
823884 
823886 
889423 
823888 
889426 
823891 
823894 
889431 
889433 
823897 
889435 
823900 
889437 
889440 
823905 
889442 
889444 
889446 
823910 
889449 
823915 
889452 
889455 
823920 
889458 
889463 
889465 
823929 
889467 
823931 
889469 
823933 
823935 
889472 
823938 
889475 
823940 
889478 
823942 
823944 
889481 
823947 
889486 
823951 
889489 
823955 
889492 
889495 
823959 
889500 
889502 
823966 
889504 
823969 
889506 
823972 
889509 
889511 
823975 
889513 
889515 
823980 
823981 
889518 
823982 
823983 
889520 
823984 
889522 
823986 
889524 
823988 
823990 
889527 
889529 
823993 
889531 
889533 
823997 
889536 
824001 
889538 
889540 
824005 
889542 
889545 
889548 
824012 
889551 
824015 
889554 
824018 
824021 
889559 
889560 
889561 
889562 
824026 
889563 
824027 
824028 
889565 
824029 
824030 
889567 
824032 
889569 
824034 
889572 
824036 
889575 
824039 
889578 
824042 
889581 
824045 
824048 
889586 
889589 
824053 
889592 
824058 
889595 
824063 
889600 
889602 
889604 
824068 
889606 
889609 
889612 
824077 
889615 
824079 
824081 
889618 
824083 
824086 
889623 
824088 
889626 
824090 
824092 
889629 
824095 
889632 
824099 
889637 
889639 
824103 
889641 
889643 
824107 
889646 
889648 
889650 
824114 
889652 
824117 
889655 
889656 
824120 
889657 
889658 
889659 
824123 
889662 
824128 
889665 
824129 
824130 
824131 
889668 
824132 
824134 
824136 
889673 
824138 
889676 
824141 
889679 
824145 
889682 
824149 
889687 
824153 
889690 
889693 
889696 
824160 
824163 
889701 
824166 
889703 
889705 
824169 
889707 
889710 
824174 
824175 
889712 
824176 
824177 
889714 
824178 
889716 
824180 
824182 
889719 
824184 
889722 
824187 
889725 
824190 
889728 
824193 
824196 
889733 
889734 
889735 
889736 
889737 
824201 
889741 
824206 
889745 
824211 
889749 
824216 
889756 
889759 
824225 
889762 
824227 
889765 
824229 
824231 
889770 
824234 
889771 
889772 
824236 
889773 
889774 
824238 
889776 
824240 
889778 
824243 
889780 
889783 
824247 
889787 
824251 
889791 
824255 
889795 
824262 
824265 
889802 
824268 
889805 
824271 
889808 
889811 
824276 
824277 
824278 
824279 
889816 
824280 
889817 
889818 
824282 
889819 
889820 
824284 
889822 
824286 
889824 
824289 
889826 
889829 
824293 
889832 
824297 
889835 
824301 
889838 
889843 
824308 
889847 
824311 
824314 
889851 
824317 
889855 
824322 
824323 
824324 
824325 
889862 
824326 
824328 
889865 
824330 
889868 
824332 
889871 
824335 
824338 
889876 
824341 
889878 
889880 
824344 
889882 
889885 
824349 
889886 
889887 
889888 
889889 
889890 
824354 
889891 
889892 
889893 
824359 
889896 
889899 
824364 
889902 
889907 
889909 
824373 
889911 
824375 
889913 
824377 
824379 
889916 
889917 
889918 
824382 
889919 
889920 
824384 
889922 
824386 
889924 
824388 
889926 
824391 
889929 
889931 
824395 
889933 
889935 
824399 
889938 
889939 
824403 
889940 
889941 
889942 
889943 
889944 
889945 
889946 
824410 
889947 
889948 
889949 
824413 
889950 
889952 
824416 
889954 
824419 
889956 
889959 
824424 
889961 
824425 
824426 
889963 
824427 
824428 
889965 
824430 
889968 
824432 
889970 
824434 
889972 
824437 
889974 
889977 
824441 
889979 
889981 
824445 
889983 
824449 
889986 
889989 
889992 
824456 
889995 
824459 
824462 
890000 
824465 
890003 
890006 
824470 
824471 
824472 
890009 
824473 
824474 
824476 
890014 
824478 
890015 
890016 
824480 
890017 
890018 
824483 
890020 
890022 
824486 
890024 
824489 
890027 
824492 
890029 
890031 
890033 
824497 
890036 
890037 
890038 
824502 
890039 
890040 
890042 
824507 
890044 
890046 
824512 
890049 
890052 
890055 
824521 
890058 
824523 
824525 
890063 
824527 
890065 
824530 
890067 
824532 
890069 
824534 
890072 
824536 
890074 
824539 
890076 
890078 
824543 
890081 
824547 
890084 
890087 
824551 
890090 
824558 
890095 
890096 
890097 
824561 
890098 
890099 
824564 
890101 
890103 
824567 
890105 
890108 
824572 
824573 
824574 
890111 
824575 
824576 
890114 
824578 
824580 
890117 
824582 
824585 
890122 
890124 
824589 
890126 
890128 
824593 
890131 
824597 
890134 
890137 
890140 
824604 
824607 
890145 
824610 
890148 
824613 
890151 
890154 
824618 
824619 
824620 
824621 
824622 
890159 
824624 
890162 
824626 
824628 
890165 
824631 
890168 
824634 
890173 
824637 
890176 
824640 
890179 
824645 
890182 
824650 
890187 
890188 
890189 
890190 
890191 
824655 
890193 
890195 
824660 
890197 
890200 
890202 
890204 
824669 
890206 
824671 
890209 
824673 
890211 
824675 
890213 
824678 
890215 
824680 
890218 
824682 
824684 
890222 
824687 
890226 
824691 
890230 
824695 
824699 
890237 
890239 
890241 
824706 
890243 
824709 
890246 
890248 
824712 
890250 
824715 
890252 
890255 
890256 
824720 
890257 
824721 
890258 
824722 
890259 
824723 
824724 
824726 
890264 
824728 
824730 
890269 
824733 
824737 
890274 
824741 
824745 
890283 
890286 
824752 
890289 
824755 
890292 
824758 
890297 
824761 
890299 
890301 
824766 
890303 
824767 
824768 
824769 
890306 
824770 
824772 
824774 
890311 
824776 
824779 
890316 
824782 
890321 
824785 
824788 
824793 
890330 
890333 
824798 
890336 
890339 
824803 
890344 
824808 
890347 
890350 
890353 
824817 
824819 
824821 
890358 
824823 
890360 
890362 
824826 
890364 
824828 
824830 
890367 
890368 
824832 
890369 
890370 
890371 
824835 
890373 
890375 
824839 
890377 
824843 
890380 
890381 
890382 
890383 
824847 
890384 
890385 
890386 
890387 
890388 
890390 
824854 
890392 
824857 
890394 
824860 
890397 
824863 
890401 
824868 
890405 
824869 
824870 
824871 
824872 
890409 
824874 
824876 
824878 
890416 
824881 
890419 
824885 
890422 
890425 
824889 
824893 
890430 
890433 
890436 
824900 
890439 
824903 
824906 
890444 
890445 
824909 
890446 
890447 
890448 
890450 
824914 
824915 
890452 
824916 
824917 
890454 
824918 
824920 
890457 
824922 
890459 
824924 
890461 
890463 
824927 
890466 
824930 
890467 
890468 
890469 
824933 
890470 
890472 
824936 
890474 
890476 
824941 
890479 
890480 
890481 
890482 
824946 
890483 
890484 
890485 
890486 
890487 
824951 
890489 
890491 
824956 
890493 
890496 
890498 
890500 
824965 
890502 
824967 
890505 
824969 
824971 
890508 
824974 
890511 
824976 
890514 
824978 
824980 
890519 
824983 
890522 
824987 
890525 
824991 
890528 
824995 
890533 
890534 
890535 
890536 
890537 
825002 
890539 
890541 
825005 
890543 
825008 
890546 
890547 
825011 
890548 
890549 
890550 
890552 
825016 
825017 
890554 
825018 
825019 
890556 
825020 
825022 
890559 
825024 
890562 
825026 
890565 
825029 
890568 
825033 
890573 
825037 
890575 
890577 
825041 
890579 
890582 
825048 
890585 
825051 
890588 
825054 
890591 
825057 
890596 
890598 
825062 
825063 
890600 
825064 
825065 
890602 
825066 
825068 
890605 
825070 
890607 
825072 
890609 
890611 
825075 
890614 
825078 
890617 
825081 
890620 
825084 
890623 
825089 
890628 
825094 
890631 
890634 
825099 
890637 
825104 
890642 
890643 
890644 
890645 
890646 
890647 
890648 
890649 
825113 
890650 
825115 
890652 
825117 
890654 
825119 
890656 
825122 
890659 
825124 
890662 
825126 
825128 
890665 
825131 
890668 
825135 
890673 
890675 
825139 
890677 
890679 
825143 
890682 
890685 
825150 
890688 
825153 
890691 
825156 
825159 
890696 
890699 
825164 
825165 
890702 
825166 
825167 
825168 
890705 
825170 
825172 
890710 
825174 
890713 
825177 
890716 
825181 
890719 
825185 
890724 
825189 
890727 
890730 
825196 
890733 
825199 
890738 
825202 
890739 
890740 
890741 
825205 
890742 
890744 
890746 
825210 
825211 
890748 
825212 
825213 
825214 
890751 
825216 
890753 
825218 
890755 
825220 
890757 
825223 
890760 
890762 
825226 
890764 
825229 
890766 
825232 
890769 
890772 
825237 
890775 
890778 
825242 
890783 
825247 
890785 
890787 
825252 
890789 
890792 
890794 
890796 
825261 
890798 
825263 
890801 
825265 
890802 
890803 
825267 
890804 
890805 
825270 
825272 
890810 
825274 
825276 
890815 
825279 
825283 
890820 
825287 
825291 
890829 
890832 
825298 
890835 
825301 
890838 
825304 
890843 
825307 
890845 
890847 
825312 
890849 
825313 
825314 
825315 
890852 
825316 
825318 
825320 
890857 
825322 
825325 
890862 
825329 
890867 
825333 
825337 
890876 
890879 
825344 
890882 
825347 
890885 
825350 
825353 
890890 
890892 
890894 
825358 
825359 
890896 
825360 
825361 
825362 
890899 
890900 
825364 
890901 
890902 
825366 
890903 
825368 
890905 
890907 
825371 
890909 
825374 
890912 
825377 
890914 
890916 
825380 
890918 
890921 
825385 
890923 
890925 
825390 
890927 
890930 
825395 
890932 
890934 
890936 
825400 
890939 
890942 
890945 
825409 
825411 
890948 
825413 
825415 
890953 
825418 
890956 
825420 
825422 
890959 
825424 
890962 
825427 
890967 
825431 
890968 
890969 
890970 
890971 
825435 
890974 
825439 
890977 
890980 
825446 
890985 
825449 
890986 
890987 
890988 
825452 
890989 
890991 
825455 
890993 
890995 
825460 
825461 
890998 
825462 
890999 
825463 
891000 
825464 
891001 
891002 
825466 
891003 
891004 
825468 
891005 
891006 
825470 
891008 
825473 
891010 
891012 
825477 
891015 
891017 
825481 
891019 
891021 
825485 
891024 
891026 
891028 
825492 
891030 
825495 
891033 
825498 
891036 
825501 
891039 
891042 
825506 
825507 
825508 
825509 
825510 
891047 
825512 
825514 
891051 
825516 
891055 
825519 
825522 
891059 
825525 
825528 
891066 
891069 
825533 
891072 
825537 
891075 
825541 
891080 
891081 
825545 
891082 
891083 
891084 
891086 
891088 
825552 
891090 
825554 
825556 
891093 
825558 
891095 
891097 
825561 
891099 
825563 
825565 
891102 
825567 
891104 
891106 
825570 
825571 
891108 
825572 
825573 
825574 
891111 
891112 
891113 
891114 
825578 
891115 
891118 
825582 
891121 
825586 
891124 
891129 
825593 
891131 
891133 
825597 
891135 
825601 
891138 
891141 
825605 
891144 
891147 
825612 
891152 
825616 
891154 
891156 
825620 
891158 
825624 
891161 
891163 
891165 
891167 
825631 
891170 
825634 
891173 
825637 
891176 
825640 
891179 
825645 
891184 
825648 
891187 
825651 
891190 
825654 
891193 
825659 
891198 
825662 
891199 
891200 
891201 
825665 
891202 
891203 
891204 
825668 
891205 
891206 
891208 
825673 
891210 
825675 
891212 
825677 
891215 
825679 
891218 
825682 
891221 
825685 
891224 
825688 
825691 
891229 
891231 
825696 
891233 
891235 
825699 
891238 
825702 
891241 
825705 
891244 
825710 
891247 
825713 
891252 
825716 
891255 
825719 
891258 
825724 
891261 
825727 
891266 
825730 
891268 
825733 
891270 
891272 
825738 
891275 
891278 
825742 
891281 
825746 
891284 
825750 
891289 
891292 
825757 
891295 
825760 
891298 
825763 
825766 
891303 
891304 
891305 
891306 
891307 
825771 
891309 
825774 
891311 
891313 
825777 
891316 
825780 
891318 
891320 
825785 
891322 
825788 
891325 
825791 
891329 
825794 
891333 
825799 
825800 
891337 
825801 
825802 
825803 
825807 
891344 
891346 
825811 
891348 
891350 
825815 
891353 
891355 
891357 
825822 
891359 
825825 
891362 
891363 
891364 
825828 
891365 
891366 
825831 
891371 
825836 
891376 
825841 
891381 
825846 
825851 
891390 
891393 
891396 
825860 
891399 
825864 
891404 
825868 
891406 
891408 
825872 
891410 
891413 
825879 
891418 
825883 
891423 
825887 
825891 
891428 
825898 
891437 
825901 
891440 
825904 
891443 
825907 
891446 
825912 
891451 
891453 
825917 
891455 
891457 
825922 
891460 
891461 
891462 
891463 
825927 
891464 
891466 
891468 
891470 
825936 
891473 
891475 
825940 
891477 
891479 
825944 
891482 
891484 
825948 
891486 
891488 
891491 
825955 
891492 
891493 
891494 
891495 
825959 
891497 
891499 
825963 
891501 
825967 
891504 
891508 
825974 
891512 
825978 
891516 
825982 
825986 
891523 
891526 
891529 
825993 
891532 
825996 
825999 
891537 
826002 
891540 
891543 
826007 
891546 
826010 
826013 
891551 
891552 
826016 
891553 
891554 
891555 
826021 
891558 
891561 
826025 
891564 
826029 
891569 
826033 
891570 
891571 
891572 
891573 
891575 
826040 
891577 
891579 
826043 
891582 
826046 
891584 
826049 
891586 
891588 
826054 
891591 
891592 
826056 
891593 
891594 
826058 
891595 
891596 
826060 
891597 
891598 
891599 
826063 
891600 
891601 
826065 
891602 
891603 
826067 
891605 
826069 
891607 
826072 
891609 
826075 
891612 
826078 
891616 
826081 
891620 
826086 
891624 
826089 
826092 
891631 
826095 
891634 
826100 
891637 
891640 
826104 
826108 
891645 
891646 
891647 
891648 
826112 
891649 
891651 
891653 
891655 
826119 
826121 
891658 
826123 
891660 
826125 
891662 
891664 
826128 
891667 
826132 
891669 
891671 
826136 
891673 
891676 
826140 
891677 
891678 
891679 
891680 
891683 
826147 
891686 
826150 
891689 
826153 
826156 
891694 
891696 
826161 
891698 
826162 
826163 
891700 
826164 
826165 
891703 
826167 
826169 
891706 
826171 
891709 
826174 
891712 
826178 
891717 
826182 
891719 
891721 
826186 
891723 
891726 
891728 
826193 
891730 
891732 
826196 
891735 
826199 
891738 
826202 
891741 
826207 
891744 
826208 
826209 
826210 
826211 
891749 
826213 
826215 
891752 
826217 
891755 
826220 
891758 
826223 
826226 
891763 
891764 
891765 
826229 
891766 
891767 
891768 
891769 
891770 
826234 
891771 
891773 
891775 
826239 
891777 
891780 
826244 
891783 
826249 
891786 
891789 
891794 
826258 
891796 
826260 
891798 
826262 
891800 
826264 
891803 
826267 
826269 
891806 
826271 
891809 
826273 
891812 
826276 
826280 
891817 
891820 
826284 
891823 
826288 
891826 
891831 
826295 
891833 
826298 
891835 
891837 
826301 
891840 
826304 
891843 
826309 
891846 
826310 
826311 
826312 
891849 
826313 
826315 
826317 
891854 
826319 
891857 
826322 
891860 
826326 
891863 
826330 
891868 
891869 
891870 
826334 
891871 
891872 
891874 
891876 
826341 
891878 
826344 
891881 
891883 
826347 
891885 
826350 
891887 
891890 
826355 
891892 
826356 
826357 
891894 
826358 
826359 
891896 
826361 
891899 
826363 
891901 
826365 
891903 
826368 
891905 
826371 
891908 
891910 
826374 
891912 
826377 
891914 
891917 
891918 
826382 
891919 
891920 
891921 
826387 
891926 
826392 
891931 
826397 
891936 
826406 
826408 
891945 
826410 
891948 
826412 
891951 
826415 
826417 
891954 
826419 
826421 
891959 
826424 
891961 
891963 
826428 
891965 
891968 
826432 
826436 
891973 
891978 
826443 
826446 
891983 
826449 
826452 
891992 
826457 
826458 
891995 
826459 
826460 
826461 
891998 
826463 
892001 
826465 
826467 
892006 
826470 
892008 
892010 
826474 
892012 
826478 
892015 
892016 
892017 
892018 
826482 
892019 
892021 
892023 
892025 
826489 
892028 
826492 
892030 
826495 
892032 
892034 
826498 
892037 
892039 
826503 
826504 
892041 
826505 
826506 
892043 
826507 
826509 
892046 
892047 
826511 
892048 
892049 
826513 
892050 
892052 
826516 
892054 
826519 
892056 
826522 
892059 
826525 
892062 
892065 
826530 
892068 
826535 
892073 
892076 
826540 
892079 
826545 
892082 
892087 
892088 
892089 
892090 
826554 
892091 
826556 
892093 
826558 
892095 
826560 
892097 
826563 
892100 
826565 
892102 
826567 
892104 
826569 
892106 
826572 
892109 
892110 
892111 
892112 
826576 
892113 
892115 
826580 
892117 
892119 
826584 
892122 
892123 
892124 
892125 
892126 
892127 
826591 
892128 
892129 
892130 
826594 
892132 
826597 
892134 
892136 
826600 
892139 
892141 
826605 
826606 
892143 
826607 
826608 
892145 
826609 
826611 
892148 
826613 
892151 
826615 
892154 
826618 
892157 
826622 
892162 
826626 
892165 
826630 
892168 
892171 
826637 
892176 
826640 
892177 
892178 
892179 
826643 
892180 
892182 
826646 
892184 
892186 
826651 
826652 
892189 
826653 
826654 
892191 
826655 
892193 
826657 
892195 
826659 
826661 
892198 
892199 
892200 
826664 
892201 
892202 
826667 
892204 
892206 
826670 
892208 
826673 
892211 
892213 
826678 
892215 
892217 
826683 
892220 
892223 
826688 
892226 
892229 
826693 
892234 
892236 
892238 
826702 
892240 
826704 
826706 
892243 
826708 
892246 
826711 
892249 
826713 
826715 
892252 
826717 
826720 
892257 
892260 
826724 
892263 
826728 
892266 
826732 
892271 
892272 
892273 
892274 
892275 
826739 
892276 
892277 
892278 
826742 
892279 
892281 
826745 
892283 
826748 
892285 
892288 
826753 
826754 
892291 
826755 
826756 
826757 
892294 
826759 
892297 
826761 
826763 
892302 
826766 
892304 
892306 
826770 
892308 
826774 
892311 
892314 
826778 
892317 
892320 
826785 
826788 
892325 
826791 
892328 
826794 
892331 
892334 
826799 
826800 
826801 
826802 
892339 
826803 
826805 
892342 
826807 
892345 
826809 
892348 
826812 
826815 
892353 
826818 
892356 
826821 
892359 
892362 
826826 
892367 
826831 
892368 
892369 
892370 
892371 
826836 
892373 
892375 
892377 
826841 
892380 
892382 
892384 
892386 
826850 
826852 
892389 
826854 
826856 
892393 
826859 
892397 
826861 
826863 
892401 
826865 
826868 
892408 
826872 
892410 
892412 
826876 
892414 
826880 
892417 
892419 
892421 
892423 
826887 
892426 
826890 
892427 
892428 
892429 
826893 
892430 
826896 
892435 
826901 
826902 
826903 
892440 
826904 
826905 
826907 
892445 
826909 
826911 
826914 
892454 
826918 
892457 
826922 
892460 
826926 
892463 
892468 
826933 
892470 
892472 
826936 
892474 
826939 
892477 
826942 
892482 
826947 
826948 
826949 
826950 
892487 
826951 
826953 
826955 
892492 
826957 
826960 
826963 
892501 
826966 
892504 
826969 
892507 
892510 
826974 
892515 
826979 
892517 
892519 
826984 
892521 
892524 
892525 
826989 
892526 
892527 
892528 
892530 
892532 
892534 
826998 
827000 
892537 
827002 
892539 
827004 
892541 
892543 
827007 
827009 
892546 
827011 
892548 
827013 
892550 
892552 
827016 
892555 
827020 
892557 
892559 
827024 
892561 
892564 
827028 
892567 
892570 
827035 
892573 
827038 
827041 
892578 
827044 
892581 
892584 
827049 
827050 
892587 
827051 
827052 
827053 
827055 
892592 
892593 
827057 
892594 
892595 
827059 
892596 
892598 
827062 
892600 
892602 
827066 
892605 
892606 
827070 
892607 
892608 
892609 
827074 
892611 
892613 
892615 
827081 
892618 
892620 
827084 
892622 
827087 
892624 
827090 
892627 
892628 
892629 
892630 
892631 
827095 
892632 
827096 
892633 
827097 
892634 
827098 
892635 
827099 
892637 
827101 
892639 
827103 
892641 
827105 
892644 
827108 
892646 
827111 
892648 
892650 
827114 
892653 
827117 
892655 
892657 
827122 
892659 
892662 
827127 
892666 
827132 
892670 
827137 
892674 
892681 
827146 
892684 
827148 
827150 
892687 
827152 
892690 
827155 
827157 
892695 
827159 
892696 
892697 
827161 
892698 
892699 
827164 
892701 
892703 
827168 
892705 
892708 
827172 
892710 
892712 
827176 
892714 
892717 
892719 
827183 
892721 
827186 
892723 
827189 
892726 
892727 
892728 
827192 
892729 
892730 
892732 
827197 
892734 
827198 
827199 
892736 
827200 
827201 
892739 
827203 
827205 
892742 
827207 
892745 
827210 
892748 
827214 
892753 
827218 
892755 
892757 
827222 
892759 
892762 
892764 
827229 
892766 
892768 
827232 
892771 
827235 
892773 
827238 
892775 
892777 
827243 
892780 
827244 
827245 
827246 
892783 
827247 
827249 
892786 
827251 
892789 
827253 
827256 
892794 
892795 
827259 
892796 
892797 
892798 
827262 
892800 
827265 
892802 
892804 
827270 
892807 
892810 
827275 
892813 
892816 
827280 
892821 
827285 
892823 
892825 
892827 
892830 
827294 
827296 
892833 
827298 
892836 
827300 
892839 
827303 
827305 
827307 
892844 
827309 
892847 
827312 
892850 
827316 
892853 
827320 
892858 
892860 
827324 
892862 
892864 
892867 
827331 
892870 
827334 
892873 
827337 
892876 
827340 
892881 
827345 
827346 
827347 
892884 
827348 
827349 
892887 
827351 
827353 
892890 
827355 
827358 
892895 
892896 
892897 
892898 
827362 
892899 
892901 
827366 
892903 
892905 
827370 
892908 
892910 
892912 
827377 
892914 
827380 
892917 
892919 
827383 
892921 
827386 
892923 
892926 
827391 
892928 
827392 
827393 
892930 
827394 
827395 
892932 
827397 
892935 
827399 
892937 
827401 
892939 
827404 
892941 
827407 
892944 
892945 
892946 
827410 
892947 
892948 
827413 
892953 
827418 
892958 
827423 
892963 
827428 
827433 
892972 
892975 
892978 
827442 
827444 
892981 
827446 
827448 
892986 
827451 
892988 
827453 
892990 
827455 
892992 
827457 
892995 
827460 
893000 
827464 
827468 
893005 
827472 
893010 
827479 
827482 
893019 
827485 
893022 
827488 
893025 
893028 
827493 
827494 
827495 
827496 
893033 
827497 
827499 
893036 
827501 
893039 
827503 
893042 
827506 
827510 
893047 
893049 
827514 
893051 
893053 
827518 
893056 
893057 
893058 
893059 
893060 
827525 
893062 
893064 
827528 
893066 
827531 
893069 
893070 
827534 
893071 
893072 
893073 
893075 
827539 
827540 
893077 
827541 
827542 
893079 
827543 
827545 
893082 
827547 
893085 
827549 
893088 
827552 
893091 
827555 
827558 
893096 
827561 
893099 
893102 
827566 
893105 
827571 
893110 
893111 
893112 
827576 
893113 
893114 
893116 
827581 
893118 
893120 
893123 
893125 
827590 
893127 
827592 
893129 
827594 
893132 
827596 
893134 
827599 
893136 
827601 
893138 
827603 
893141 
827605 
893142 
893143 
893144 
827608 
893145 
893146 
893147 
893148 
827612 
893149 
893151 
827616 
893153 
893155 
827620 
893158 
893160 
893162 
827627 
893164 
827630 
893167 
893169 
827633 
893171 
827636 
893173 
893176 
893177 
827641 
893178 
827642 
893179 
827643 
893180 
827644 
827645 
893183 
827647 
827649 
893186 
827651 
893189 
827654 
893194 
827658 
893197 
827662 
893200 
827666 
893203 
893208 
893209 
827673 
893210 
893211 
893212 
827676 
893214 
827679 
893216 
893218 
827682 
893221 
893223 
827687 
827688 
893225 
827689 
827690 
893227 
827691 
827693 
893230 
827695 
893232 
827697 
893234 
893236 
827700 
893239 
827703 
893241 
827706 
893243 
893245 
827709 
893248 
827714 
893251 
893254 
827719 
893257 
827724 
893262 
893264 
827729 
893266 
893268 
893271 
893274 
827738 
827740 
893277 
827742 
893280 
827744 
827747 
893285 
827749 
827751 
893288 
827753 
893291 
827756 
893294 
827760 
893299 
893300 
827764 
893301 
893302 
893303 
893304 
827768 
893305 
893306 
893307 
893309 
893311 
827775 
893313 
827778 
893316 
827781 
893319 
827784 
893322 
893325 
827789 
827790 
827791 
827792 
827793 
893330 
827795 
893332 
827797 
893334 
827799 
893336 
827802 
893339 
893342 
827806 
893345 
827810 
893348 
827814 
893353 
893356 
827821 
893359 
827824 
893362 
827827 
827830 
893367 
893370 
827835 
827836 
893373 
827837 
827838 
827839 
893376 
827841 
827843 
893381 
827845 
893384 
827848 
893387 
827851 
893390 
827854 
827857 
893395 
893396 
893397 
893398 
827862 
893399 
893401 
893403 
827867 
893405 
893408 
827872 
893410 
893412 
827877 
893414 
893417 
893419 
893421 
827886 
893423 
827888 
893426 
827890 
893428 
827892 
893430 
827895 
893432 
827897 
893435 
827899 
893437 
827901 
893439 
827904 
893441 
893444 
827908 
893445 
893446 
893447 
893448 
827912 
827916 
893453 
893458 
827923 
827926 
893463 
827929 
827932 
893472 
827937 
827938 
893475 
827939 
827940 
827941 
893478 
827943 
893481 
827945 
827947 
893486 
827950 
893488 
893490 
827954 
893492 
827958 
893495 
827962 
893500 
893505 
827969 
827972 
893510 
827975 
827978 
893519 
827983 
827984 
827985 
893522 
827986 
827987 
893525 
827989 
827991 
893528 
827993 
827996 
893533 
893535 
827999 
893537 
828002 
893539 
828005 
893542 
893543 
893544 
893545 
893546 
828010 
893548 
893550 
828015 
893552 
893555 
828020 
893557 
893559 
893561 
828025 
893564 
893566 
893568 
893570 
828034 
828036 
893573 
893574 
828038 
893575 
893576 
828040 
893577 
893579 
828043 
893581 
828045 
893583 
828047 
828049 
893586 
828052 
893590 
828056 
893594 
828060 
893598 
828064 
893605 
828071 
893608 
828074 
893611 
828077 
893614 
828080 
893619 
828085 
893622 
828086 
828087 
828088 
893625 
828089 
828091 
893628 
828093 
828095 
893633 
893634 
828098 
893635 
893636 
893637 
828102 
893639 
893641 
828106 
893643 
893646 
828110 
893647 
893648 
893649 
893650 
893652 
828117 
893654 
893656 
828120 
893659 
828123 
893660 
893661 
893662 
828126 
893663 
893664 
893665 
893666 
893667 
828131 
828132 
893669 
828133 
828134 
893671 
828135 
893673 
828137 
828139 
893676 
828141 
893678 
893680 
828144 
893682 
828147 
893685 
893686 
828150 
893687 
893688 
893689 
828153 
893692 
828158 
893695 
893698 
828162 
828166 
893703 
828170 
893707 
893711 
828177 
893715 
828179 
828181 
828183 
893722 
828186 
828188 
893725 
828190 
893728 
828192 
893731 
828195 
828196 
828197 
828198 
828199 
893736 
893737 
893738 
893739 
828203 
893740 
893742 
828207 
893744 
893746 
828211 
893749 
893751 
893753 
828218 
893755 
828220 
893758 
828222 
893759 
893760 
828224 
893761 
893762 
893763 
828227 
893764 
893765 
893766 
828231 
893768 
893770 
828235 
893772 
893775 
828239 
893778 
893781 
828246 
893784 
828250 
893789 
828254 
893791 
893793 
828258 
893795 
893798 
893800 
828265 
893802 
893804 
828268 
893807 
828271 
893809 
828274 
893811 
893813 
828279 
893816 
893818 
828282 
893820 
828285 
893822 
828288 
893825 
893826 
893827 
893828 
893829 
828293 
893831 
828296 
893833 
893835 
828299 
893838 
828302 
893841 
828307 
893844 
828309 
893847 
828311 
828313 
893852 
828316 
893854 
828319 
893856 
893858 
828322 
893861 
828325 
893864 
828330 
893867 
828333 
893870 
828336 
893875 
828339 
893878 
828344 
893881 
828347 
893884 
828350 
893889 
828353 
893891 
893893 
828358 
893895 
828361 
893898 
828364 
893901 
828367 
893904 
893907 
828372 
893912 
828376 
893914 
893916 
828380 
893918 
828384 
893921 
893922 
893923 
893924 
893925 
893927 
828391 
893929 
828394 
893931 
828397 
893934 
893936 
828400 
893938 
893940 
828405 
893943 
828408 
893945 
893947 
828411 
893949 
828414 
893952 
893955 
828419 
893958 
828422 
893961 
828425 
828428 
893966 
893968 
828433 
893970 
828434 
828435 
893972 
828436 
828437 
893975 
893977 
828441 
893979 
893981 
828445 
893984 
893985 
828449 
893986 
893987 
893988 
893991 
828456 
893994 
828459 
893997 
828462 
828465 
894002 
894005 
828470 
894008 
894011 
828475 
894016 
828480 
894020 
828485 
894024 
894028 
828494 
828498 
894035 
894038 
828502 
894041 
828506 
894044 
894049 
828513 
894052 
828517 
894055 
828521 
894058 
828525 
894063 
894066 
828532 
894069 
828535 
894072 
828538 
894077 
828541 
894078 
894079 
894080 
894081 
828546 
894083 
894085 
894087 
828551 
894090 
894092 
828556 
894094 
894096 
828561 
894099 
894100 
894101 
894102 
894103 
894105 
828570 
894107 
894109 
828574 
894112 
828578 
894115 
894118 
828582 
894121 
828589 
894126 
894129 
828593 
894132 
828597 
894135 
828601 
894140 
894141 
894142 
894143 
894144 
828608 
894146 
828611 
894148 
894150 
828614 
894153 
828617 
894154 
894155 
894156 
894157 
828622 
894159 
894161 
828626 
894163 
894166 
828630 
894167 
894168 
894169 
894170 
828634 
894171 
894172 
894173 
894174 
894176 
828641 
894178 
894180 
828644 
894183 
828647 
894185 
828650 
894187 
894189 
828655 
894192 
894194 
828658 
894196 
828661 
894198 
828664 
894201 
894203 
894205 
828669 
894207 
828672 
894210 
828675 
894212 
894214 
828678 
894216 
894219 
828683 
894221 
828685 
894223 
828687 
894225 
828689 
894228 
828692 
894230 
828694 
894232 
828696 
894234 
828698 
894237 
828701 
894238 
894239 
894240 
828704 
894241 
894243 
828707 
894245 
828710 
894247 
894250 
828715 
894253 
828717 
828719 
894256 
828721 
894259 
828724 
894264 
828728 
894268 
828732 
894272 
828736 
894276 
828743 
828745 
894283 
828747 
894285 
828749 
894287 
828752 
894289 
894292 
828756 
894296 
828760 
894300 
828764 
894304 
828771 
828774 
894311 
828777 
894314 
828780 
894317 
894320 
828785 
828786 
828787 
828788 
894325 
828789 
894327 
828791 
894329 
828793 
894331 
828795 
894334 
828798 
894335 
894336 
894337 
894338 
828802 
894342 
828806 
894346 
828810 
894350 
828817 
828820 
894357 
828823 
894360 
828826 
894363 
894366 
828831 
828832 
828833 
828834 
894371 
828835 
894372 
894373 
828837 
894374 
894375 
828839 
894377 
828841 
894379 
828844 
894381 
828847 
894384 
828850 
894387 
828853 
894390 
894393 
828858 
894398 
828863 
894403 
828868 
894408 
828873 
894413 
828882 
828884 
894422 
828886 
894424 
828888 
894426 
828891 
894428 
828893 
894431 
828895 
894433 
828897 
894435 
828900 
894437 
894440 
828904 
894444 
828908 
894448 
828912 
894452 
828919 
828922 
894459 
828925 
894462 
828928 
894465 
894468 
828933 
828934 
828935 
828936 
894473 
828937 
894475 
828939 
894477 
828941 
894479 
828943 
894482 
828946 
894483 
894484 
894485 
894486 
828950 
894490 
828954 
894494 
828958 
894498 
828965 
828968 
894505 
828971 
894508 
828974 
894511 
894514 
828979 
828980 
828981 
828982 
894519 
828983 
894520 
894521 
828985 
894522 
894523 
828987 
894525 
828989 
894527 
828992 
894529 
828995 
894532 
828998 
894535 
829001 
894538 
894541 
829006 
894546 
829011 
894551 
829016 
894556 
829021 
894561 
829030 
829032 
894570 
829034 
894572 
829036 
894574 
829039 
894576 
829041 
894579 
829043 
894581 
829045 
894583 
829048 
894585 
894588 
829052 
894592 
829056 
894596 
829060 
894600 
829067 
829070 
894607 
829073 
894610 
829076 
894613 
894616 
829081 
829082 
829083 
829084 
894621 
829085 
894623 
829087 
894625 
829089 
894627 
829091 
894630 
829094 
894631 
894632 
894633 
894634 
829098 
894638 
829102 
894642 
829106 
894646 
829113 
829116 
894653 
829119 
894656 
829122 
894659 
894662 
829127 
829128 
829129 
829130 
894667 
829131 
894668 
894669 
829133 
894670 
894671 
829135 
894673 
829137 
894675 
829140 
894677 
829143 
894680 
829146 
894683 
829149 
894686 
894689 
829154 
894694 
829159 
894699 
829164 
894704 
829169 
894709 
829178 
829180 
894718 
829182 
894720 
829184 
894722 
829187 
894724 
829189 
894727 
829191 
894729 
829193 
894731 
829196 
894733 
894736 
829200 
894737 
894738 
894739 
894740 
829204 
894742 
894744 
829208 
894746 
894749 
829215 
894752 
829218 
894755 
829221 
894758 
829224 
894763 
829229 
894766 
829230 
829231 
829232 
894769 
829233 
829235 
894772 
829237 
829239 
894777 
894778 
829242 
894779 
894780 
894781 
829246 
894783 
894785 
829250 
894787 
894790 
829254 
894791 
894792 
894793 
894794 
894796 
829261 
894798 
894800 
829264 
894803 
829267 
894804 
894805 
894806 
829270 
894807 
894809 
894811 
829275 
829276 
894813 
829277 
829278 
829279 
894816 
894817 
829281 
894818 
894819 
829283 
894820 
829285 
894822 
894824 
829288 
894826 
829291 
894829 
829294 
894831 
894833 
829297 
894835 
894838 
829302 
894840 
894842 
829307 
894844 
894847 
894848 
829312 
894849 
894850 
894851 
894853 
829317 
894855 
894857 
894860 
894861 
894862 
829326 
894863 
894864 
829328 
894866 
829330 
894868 
829332 
894870 
829335 
894873 
829337 
894875 
829339 
894877 
829341 
894879 
829344 
894882 
894883 
894884 
829348 
894885 
894886 
894888 
829352 
894890 
894892 
829356 
894895 
894896 
894897 
894898 
894899 
829363 
894901 
829366 
894903 
894905 
829369 
894908 
829372 
894910 
894912 
829377 
894914 
829378 
829379 
829380 
894917 
829381 
894919 
829383 
894921 
829385 
894923 
829387 
894926 
829390 
894928 
894930 
829394 
894932 
829398 
894935 
894937 
829402 
894939 
894941 
894944 
829409 
894946 
894948 
829412 
894950 
829415 
894953 
829418 
894955 
894957 
894959 
829423 
829424 
829425 
894962 
829426 
894963 
829427 
894964 
894965 
829429 
894966 
829431 
894968 
829433 
894970 
894972 
829436 
894975 
829439 
894978 
829442 
894981 
829445 
894984 
829450 
894989 
829455 
894993 
829460 
894997 
895001 
829465 
895008 
895010 
829474 
895012 
829476 
895014 
829478 
829480 
895017 
829483 
895021 
829485 
829487 
895025 
829489 
829492 
895029 
829496 
895036 
829500 
895039 
829504 
895042 
895045 
829511 
895050 
829514 
895051 
895052 
895053 
829517 
895054 
895056 
829520 
895058 
895060 
829525 
829526 
895063 
829527 
829528 
829529 
895067 
829531 
829533 
895071 
829535 
829538 
895075 
829542 
895082 
829546 
895085 
829550 
895088 
895091 
829557 
895096 
829560 
895097 
895098 
895099 
829563 
895100 
895102 
829566 
895104 
895106 
829571 
829572 
895109 
829573 
829574 
829575 
895112 
829577 
895115 
829579 
829581 
895118 
829584 
895123 
829587 
829590 
895128 
829593 
895133 
829598 
895138 
829603 
829608 
895147 
895149 
829613 
895151 
895153 
895156 
895158 
829622 
895160 
829624 
895162 
829626 
829628 
895165 
829631 
895169 
829633 
829635 
895173 
829637 
829640 
895177 
829644 
895184 
829648 
895187 
829652 
895190 
895193 
829659 
895198 
829662 
895199 
895200 
895201 
829665 
895202 
895204 
829668 
895206 
895208 
829673 
829674 
895211 
829675 
829676 
829677 
895215 
829679 
829681 
895219 
829683 
829686 
895223 
829690 
895230 
829694 
895233 
829698 
895236 
895239 
829705 
895244 
829708 
895245 
895246 
895247 
829711 
895248 
895250 
829714 
895252 
895254 
829719 
829720 
895257 
829721 
829722 
829723 
895260 
829725 
895263 
829727 
829729 
895266 
829732 
895271 
829735 
829738 
895276 
829741 
895281 
829746 
895286 
829751 
829756 
895295 
895297 
829761 
895299 
895301 
895304 
895306 
829770 
895308 
829772 
895310 
829774 
829776 
895313 
829779 
895317 
829781 
829783 
895321 
829785 
829788 
895325 
829792 
895332 
829796 
895335 
829800 
895338 
895341 
829807 
895346 
829810 
895347 
895348 
895349 
829813 
895350 
895352 
829816 
895354 
895356 
829821 
829822 
895359 
829823 
829824 
829825 
895363 
829827 
829829 
895367 
829831 
829834 
895371 
829838 
895378 
829842 
895381 
829846 
895384 
895387 
829853 
895392 
829856 
895393 
895394 
895395 
829859 
895396 
895398 
829862 
895400 
895402 
829867 
829868 
895405 
829869 
829870 
829871 
895408 
829873 
895411 
829875 
829877 
895414 
829880 
895419 
829883 
829886 
895424 
829889 
895429 
829894 
895434 
829899 
829904 
895443 
895445 
829909 
895447 
895449 
895452 
895454 
829918 
895456 
829920 
895458 
829922 
829924 
895461 
895463 
829927 
895465 
829929 
895467 
829931 
829933 
895470 
829936 
895474 
829940 
895478 
829944 
895482 
829948 
895489 
829955 
895492 
829958 
895495 
829961 
895498 
829964 
895503 
829969 
895506 
829970 
829971 
829972 
895509 
829973 
829975 
895512 
829977 
829979 
895517 
895518 
829982 
895519 
895520 
895521 
829986 
895524 
829990 
895527 
895530 
829994 
895535 
895536 
895537 
830001 
895538 
895539 
830004 
895541 
895543 
830007 
895545 
830010 
895548 
895549 
895550 
895551 
830015 
895552 
830016 
830017 
895554 
830018 
830019 
895556 
830021 
895558 
830023 
895561 
830025 
895562 
895563 
895564 
830028 
895565 
895567 
830031 
895569 
830034 
895571 
830037 
895574 
895576 
895578 
830042 
895580 
895583 
830047 
895585 
895587 
830052 
895589 
895592 
895593 
830057 
895594 
895595 
895596 
895598 
895600 
895602 
830066 
830068 
895605 
895606 
830070 
895607 
895608 
830072 
895609 
895611 
830075 
895613 
830077 
895615 
830079 
830081 
895618 
895620 
830084 
895622 
895624 
830088 
895627 
895628 
830092 
895629 
895630 
895631 
830096 
895633 
895635 
895637 
830103 
895640 
895641 
895642 
830106 
895643 
895644 
830109 
895646 
895648 
830112 
895650 
895653 
830117 
830118 
895655 
830119 
830120 
895657 
830121 
895659 
830123 
830125 
895662 
830127 
895664 
895666 
830130 
895668 
830134 
895671 
895673 
830138 
895675 
895677 
830142 
895680 
895682 
895684 
830149 
895686 
830152 
895689 
895691 
830155 
895693 
830158 
895695 
895698 
830163 
895700 
830164 
830165 
895702 
830166 
830167 
895704 
830169 
895707 
830171 
895708 
895709 
830173 
895710 
895711 
830176 
895713 
895715 
830179 
895717 
830182 
895720 
830185 
895723 
895726 
830190 
895729 
830195 
895734 
830200 
895738 
830205 
895742 
895746 
830214 
830216 
895753 
830218 
895755 
830220 
895757 
895759 
830223 
830225 
895762 
830227 
830229 
895766 
830232 
895770 
830236 
895774 
830240 
830244 
895781 
895784 
895787 
830251 
895790 
830254 
830257 
895795 
895796 
830260 
895797 
895798 
895799 
895801 
830265 
830266 
895803 
830267 
830268 
895805 
830269 
830271 
895808 
830273 
830275 
895812 
830278 
895816 
830282 
895820 
830286 
830290 
895827 
895830 
895833 
830297 
895836 
830300 
830303 
895841 
895842 
830306 
895843 
895844 
895845 
895847 
830311 
830312 
895849 
830313 
830314 
895851 
830315 
830317 
895854 
830319 
895857 
830321 
895860 
830324 
895863 
830327 
830330 
895868 
830333 
895873 
830338 
895878 
830343 
895883 
830348 
830353 
895892 
895894 
895896 
895898 
830362 
830364 
895901 
830366 
895903 
830368 
895905 
895907 
830371 
830373 
895910 
830375 
830377 
895914 
830380 
895918 
830384 
895922 
830388 
830392 
895929 
895932 
895935 
830399 
895938 
830402 
830405 
895943 
895944 
830408 
895945 
895946 
895947 
895949 
830413 
830414 
895951 
830415 
830416 
895953 
830417 
830419 
895956 
830421 
830423 
895960 
830426 
895964 
830430 
895968 
830434 
830438 
895975 
895978 
895981 
830445 
895984 
830448 
830451 
895989 
895990 
830454 
895991 
895992 
895993 
895995 
830459 
830460 
895997 
830461 
830462 
895999 
830463 
830465 
896002 
830467 
896005 
830469 
896008 
830472 
896011 
830475 
830478 
896016 
830481 
896021 
830486 
896026 
830491 
896031 
830496 
830501 
896040 
896042 
896044 
896046 
830510 
830512 
896049 
830514 
896051 
830516 
896053 
896055 
830519 
830521 
896058 
830523 
830525 
896062 
830528 
896066 
830532 
896070 
830536 
830540 
896077 
896080 
896083 
830547 
896086 
830550 
830553 
896091 
896092 
830556 
896093 
896094 
896095 
896097 
830561 
830562 
896099 
830563 
830564 
896101 
830565 
830567 
896104 
830569 
830571 
896108 
830574 
896112 
830578 
896116 
830582 
830586 
896123 
896126 
896129 
830593 
896132 
830596 
830599 
896137 
896138 
830602 
896139 
896140 
896141 
896143 
830607 
830608 
896145 
830609 
830610 
896147 
830611 
830613 
896150 
830615 
896153 
830617 
896156 
830620 
896159 
830623 
830626 
896164 
830629 
896169 
830634 
896174 
830639 
896179 
830644 
830649 
896188 
896190 
896192 
896194 
830658 
830660 
896197 
830662 
896199 
830664 
896201 
896203 
830667 
830669 
896206 
896207 
830671 
896208 
896209 
830673 
896210 
896212 
830676 
896214 
896216 
830680 
896219 
830684 
896223 
830688 
896227 
896231 
830695 
830697 
830699 
830701 
896238 
830704 
896241 
830707 
896244 
830710 
896247 
830713 
896252 
830718 
896255 
896258 
830722 
896261 
830726 
896266 
830730 
896267 
896268 
896269 
896270 
896272 
830737 
896274 
896276 
830740 
896279 
830743 
896281 
830746 
896283 
896285 
830751 
896288 
830752 
830753 
896290 
830754 
830755 
896292 
830757 
896294 
830759 
896297 
830761 
896298 
896299 
896300 
830764 
896301 
896303 
830767 
896305 
830770 
896307 
830773 
896310 
896311 
896312 
896313 
896314 
830778 
896316 
896318 
830782 
896320 
830786 
896323 
896325 
830790 
896327 
896329 
896332 
830797 
896334 
830799 
896336 
830801 
896338 
830803 
896341 
896342 
830806 
896343 
896344 
830808 
896345 
830810 
896347 
830812 
896349 
896351 
830815 
830816 
830817 
896354 
830818 
896355 
830819 
896356 
896357 
896358 
830823 
896360 
896362 
830827 
896364 
896367 
830831 
896368 
896369 
896370 
896371 
896373 
830838 
896375 
896377 
830842 
896380 
896381 
896382 
830846 
896383 
896384 
896386 
830850 
896388 
896390 
896393 
830857 
896395 
896397 
830861 
896399 
830865 
896402 
896404 
830869 
896406 
896408 
896411 
830876 
896413 
896415 
830879 
896417 
830882 
896420 
830885 
896422 
896424 
896426 
830890 
896429 
830893 
896431 
830896 
896433 
896435 
830899 
896438 
896440 
830904 
896442 
830907 
896444 
830910 
896447 
896448 
896449 
830913 
896450 
896451 
896453 
830918 
896455 
830920 
896457 
830922 
896460 
830924 
896463 
830927 
896466 
830930 
896469 
830933 
830936 
896474 
830941 
896478 
830944 
896482 
830947 
896486 
830950 
830955 
896493 
830958 
896495 
896497 
830961 
896499 
830964 
896502 
830969 
896506 
830972 
896510 
830975 
896514 
830978 
830983 
896521 
830987 
896524 
896527 
830991 
896530 
830995 
896535 
896536 
896537 
896538 
831002 
896539 
896541 
831005 
896543 
831008 
896545 
831011 
896548 
896552 
831016 
831019 
896556 
831022 
896560 
831025 
831030 
896567 
831033 
896570 
831036 
896573 
831039 
896576 
831044 
896581 
831045 
896582 
831046 
896583 
831047 
896584 
831048 
896585 
896587 
831052 
896589 
896591 
831056 
896594 
831060 
896597 
896600 
896603 
831067 
831070 
896608 
831073 
831076 
896613 
831081 
896618 
831086 
896623 
831091 
896632 
831096 
896634 
896636 
896638 
896641 
831105 
896643 
896645 
831109 
896647 
831113 
896650 
831117 
896654 
896658 
831124 
896662 
831128 
831132 
896669 
896672 
831136 
896675 
896678 
831143 
831146 
896683 
896684 
896685 
831149 
896686 
896687 
831152 
896689 
896691 
896693 
831157 
896696 
831162 
896700 
831167 
896704 
896708 
831172 
896715 
831181 
896718 
896721 
831185 
896724 
831189 
896729 
831193 
896730 
896731 
896732 
896733 
896735 
831200 
896737 
896739 
831204 
896742 
831208 
896745 
896748 
831212 
896751 
831219 
896756 
831222 
896761 
831225 
831228 
896766 
831233 
896771 
831238 
831243 
896780 
896782 
896784 
831248 
896786 
896789 
896791 
896793 
831257 
896795 
831260 
896798 
831263 
896802 
831266 
896806 
831271 
896810 
831275 
831279 
896817 
831283 
896820 
896823 
896826 
831290 
831292 
831294 
896831 
896832 
831296 
896833 
896834 
896835 
831299 
896837 
831302 
896839 
896841 
831305 
896844 
831308 
896848 
831313 
831315 
896852 
831317 
831319 
896856 
831322 
831324 
831326 
896863 
831329 
896866 
831332 
896869 
896872 
831337 
896877 
896878 
896879 
896880 
896881 
831346 
896883 
831348 
896885 
896887 
831351 
896890 
831355 
896893 
831359 
896896 
896899 
831363 
896904 
831370 
896909 
831373 
831376 
896914 
831379 
896919 
831384 
831385 
831386 
831387 
831388 
831390 
896928 
831392 
896930 
831394 
896932 
831397 
896934 
896937 
831402 
896939 
896941 
831406 
896943 
896946 
896947 
896948 
896949 
831413 
896950 
896952 
831417 
896954 
896956 
831422 
896959 
831423 
831424 
896963 
831427 
831429 
896967 
831432 
896971 
831435 
831438 
831441 
896978 
896981 
831446 
896984 
896987 
831451 
896992 
831456 
896995 
831461 
896998 
897001 
897006 
831470 
897007 
897008 
831472 
897009 
897010 
831474 
831476 
897013 
831479 
897016 
831481 
897019 
831483 
831485 
897024 
831488 
897025 
897026 
897027 
897028 
831492 
897030 
897032 
831496 
897034 
831500 
897037 
897038 
897039 
897040 
897041 
897043 
831507 
897045 
831510 
897047 
831513 
897050 
897051 
897052 
831516 
897053 
897054 
897056 
831521 
897058 
831522 
831523 
897060 
831524 
831525 
897063 
831527 
897065 
831529 
897067 
831531 
897069 
831534 
897072 
897074 
831538 
897076 
897078 
831542 
897081 
897082 
831546 
897083 
897084 
897085 
897087 
897089 
831553 
897091 
831556 
897094 
897095 
831559 
897096 
897097 
897098 
831562 
897100 
897102 
831567 
897104 
831568 
831569 
831570 
897107 
831571 
897108 
897109 
831573 
897110 
897111 
831575 
897113 
831577 
897115 
831580 
897117 
831583 
897120 
897121 
897122 
831586 
897123 
897124 
831589 
897126 
897128 
897130 
831594 
897133 
897135 
831599 
897137 
897139 
831604 
897142 
897144 
831609 
897146 
897148 
897151 
897153 
831618 
897155 
831620 
897157 
831622 
897160 
831624 
897162 
831627 
897164 
831629 
897166 
831631 
897169 
831633 
897171 
831636 
897173 
897175 
831640 
897178 
897180 
831644 
897182 
897184 
831648 
897187 
897188 
897189 
897190 
897191 
831655 
897193 
831658 
897195 
897197 
831661 
897200 
831664 
897203 
831669 
897206 
831670 
831671 
831672 
897209 
831673 
831675 
831677 
897214 
831679 
897218 
831682 
897222 
831686 
897226 
831690 
831694 
897233 
897235 
897237 
831701 
897239 
831704 
897242 
831707 
897246 
831710 
897250 
831715 
831716 
831717 
897254 
831718 
831719 
831721 
831723 
897261 
831725 
897264 
831728 
897267 
831731 
897270 
831734 
831737 
897275 
897276 
897277 
897278 
831742 
897279 
897281 
897283 
831747 
897285 
897288 
831752 
897292 
831757 
897296 
897300 
831766 
831768 
831770 
897307 
831772 
897310 
831775 
897313 
831777 
831779 
897316 
831781 
831784 
897321 
897322 
897323 
897324 
831788 
897325 
897327 
831792 
897329 
897331 
831796 
897334 
897337 
831803 
897340 
831806 
897343 
831809 
897348 
831812 
897353 
831817 
831818 
831819 
831820 
831821 
897358 
831823 
831825 
897363 
831827 
831830 
831834 
897372 
897374 
831838 
897376 
897378 
831842 
897381 
897383 
897385 
831849 
897387 
831852 
897390 
831855 
897394 
831858 
897398 
831863 
831864 
831865 
897402 
831866 
831867 
831869 
831871 
897409 
831873 
897412 
831876 
897415 
831879 
897418 
831882 
831885 
897423 
897424 
897425 
897426 
831890 
897427 
897429 
897431 
831895 
897433 
897436 
831900 
897440 
831905 
897444 
897448 
831914 
831916 
831918 
897455 
831920 
897458 
831923 
897461 
831925 
831927 
897464 
831929 
831932 
897469 
897470 
897471 
897472 
831936 
897473 
897475 
831940 
897477 
897479 
831944 
897482 
897485 
831951 
897488 
831954 
897491 
831957 
897496 
831960 
897501 
831965 
831966 
831967 
831968 
831969 
897506 
831971 
831973 
897511 
831975 
831978 
831982 
897520 
897522 
831986 
897524 
897526 
831990 
897529 
897531 
897533 
831997 
897535 
832000 
897538 
832003 
897542 
832006 
897546 
832011 
832012 
832013 
897550 
832014 
832015 
832017 
832019 
897557 
832021 
897560 
832024 
897563 
832027 
897566 
832030 
832033 
897571 
897572 
897573 
897574 
832038 
897575 
897577 
897579 
832043 
897581 
897584 
832048 
897588 
832053 
897592 
897596 
832062 
832064 
832066 
897603 
832068 
897606 
832071 
897609 
832073 
832075 
897612 
832077 
832080 
897617 
897618 
897619 
897620 
832084 
897621 
897623 
832088 
897625 
897627 
832092 
897630 
897633 
832099 
897636 
832102 
897639 
832105 
897644 
832108 
897649 
832113 
832114 
832115 
832116 
832117 
897654 
832119 
832121 
897659 
832123 
832126 
832130 
897668 
897670 
832134 
897672 
897674 
832138 
897677 
897679 
897681 
832145 
897683 
832148 
897686 
897687 
832151 
897688 
897689 
897690 
832154 
897692 
897694 
832159 
897696 
832160 
832161 
832162 
897699 
832163 
832165 
897703 
832167 
832169 
897707 
832172 
897711 
832175 
832178 
832181 
897718 
897721 
832186 
897724 
897727 
832191 
897732 
832196 
897735 
832201 
897738 
897741 
897746 
832210 
897747 
897748 
832212 
897749 
897750 
832214 
897752 
832216 
897754 
832219 
897756 
832221 
897759 
832223 
897760 
897761 
832225 
897762 
897763 
832228 
897765 
897767 
832232 
897769 
897772 
832236 
897773 
897774 
897775 
897776 
832240 
897778 
897780 
897782 
832247 
897785 
897786 
832250 
897787 
897788 
897789 
832253 
897791 
832256 
897793 
897795 
832261 
897798 
832262 
832263 
897800 
832264 
832265 
897802 
832267 
897804 
832269 
897807 
832271 
897809 
832274 
897811 
897813 
832278 
897816 
897817 
897818 
832282 
897819 
897820 
897822 
832286 
897824 
897826 
897829 
832293 
897830 
897831 
897832 
832296 
897833 
897835 
832299 
897837 
832302 
897839 
897842 
832307 
897844 
832308 
832309 
897846 
832310 
832311 
897848 
832313 
897851 
832315 
897852 
897853 
832317 
897854 
897855 
832320 
897857 
897859 
832323 
897861 
832326 
897864 
897865 
832329 
897866 
897867 
897868 
897870 
832334 
897872 
897874 
832339 
897877 
897879 
832344 
897881 
897883 
832349 
897886 
897888 
897890 
897892 
832358 
897895 
832360 
897897 
832362 
897899 
832364 
897901 
832367 
897904 
832369 
897906 
832371 
897908 
832373 
897910 
832376 
897913 
897915 
832380 
897917 
897919 
832384 
897922 
897924 
832388 
897926 
897928 
897931 
832395 
897932 
897933 
897934 
832398 
897935 
897937 
832401 
897939 
832404 
897941 
897944 
832409 
832410 
897947 
832411 
832412 
832413 
897950 
832415 
897953 
832417 
832419 
897958 
832422 
897962 
832426 
897966 
832430 
897970 
832434 
897977 
832441 
897979 
832444 
897981 
897983 
832447 
897986 
832450 
897990 
832455 
832456 
832457 
897994 
832458 
832459 
832461 
897998 
832463 
832465 
832468 
898005 
832471 
898008 
832474 
898011 
832477 
898014 
832482 
898019 
898020 
898021 
898022 
898023 
832487 
898025 
898027 
832492 
898029 
898032 
832497 
898036 
898040 
832506 
898044 
832508 
832510 
832512 
898051 
832515 
832517 
898054 
832519 
898057 
832521 
898060 
832524 
832528 
898065 
898066 
898067 
898068 
832532 
898069 
898071 
832536 
898073 
898075 
898078 
832543 
898081 
832546 
898084 
832549 
898087 
832552 
898092 
832557 
832558 
832559 
832560 
898097 
832561 
832563 
832565 
898102 
832567 
832570 
898107 
832574 
832578 
898116 
898118 
832582 
898120 
898122 
898125 
832589 
898127 
832592 
898129 
898131 
832595 
898134 
832598 
898138 
832603 
832604 
832605 
898142 
832606 
832607 
832609 
898146 
832611 
832613 
832616 
898153 
832619 
898156 
832622 
898159 
832625 
898162 
832630 
898167 
898168 
898169 
898170 
898171 
832635 
898173 
898175 
832640 
898177 
898180 
832645 
898184 
898188 
832654 
898192 
832656 
832658 
832660 
898199 
832663 
832665 
898202 
832667 
898205 
832669 
898208 
832672 
832676 
898213 
898214 
898215 
898216 
832680 
898217 
898219 
832684 
898221 
898223 
898226 
832691 
898229 
832694 
898232 
832697 
898235 
832700 
898240 
832705 
832706 
832707 
832708 
898245 
832709 
832711 
832713 
898250 
832715 
832718 
898255 
832722 
832726 
898264 
898266 
832730 
898268 
898270 
898273 
832737 
898275 
832740 
898277 
898279 
832743 
898282 
832746 
898286 
832751 
832752 
832753 
898290 
832754 
832755 
832757 
898294 
832759 
832761 
832764 
898301 
832767 
898304 
832770 
898307 
832773 
898310 
832778 
898315 
898316 
898317 
898318 
898319 
832783 
898321 
898323 
832788 
898325 
898328 
832793 
898332 
898336 
832802 
898340 
832804 
832806 
832808 
898347 
832811 
832813 
898350 
832815 
898353 
832817 
898356 
832820 
832824 
898361 
898362 
898363 
898364 
832828 
898365 
898367 
832832 
898369 
898371 
898374 
832839 
898377 
832842 
898380 
832845 
898383 
832848 
898388 
832853 
832854 
832855 
832856 
898393 
832857 
832859 
832861 
898398 
832863 
832866 
898403 
832870 
832874 
898412 
898414 
832878 
898416 
898418 
898421 
832885 
898423 
832888 
898425 
898427 
832891 
898430 
832894 
898432 
898434 
832899 
898436 
832900 
832901 
832902 
898439 
832903 
832905 
898443 
832907 
832909 
898447 
832912 
898451 
832915 
832918 
832921 
898458 
898461 
832926 
898464 
898467 
832931 
898472 
832936 
898475 
832941 
898478 
898481 
898486 
832950 
898487 
898488 
832952 
898489 
898490 
832954 
832956 
898493 
832959 
898496 
832961 
898499 
832963 
832965 
898504 
832968 
898505 
898506 
898507 
898508 
832972 
898510 
898512 
832976 
898514 
832980 
898517 
898518 
898519 
898520 
898521 
898523 
832987 
898525 
832990 
898527 
832993 
898530 
898531 
898532 
832996 
898533 
898534 
898536 
833001 
898538 
833002 
833003 
898540 
833004 
833005 
898543 
833007 
898545 
833009 
898547 
833011 
898549 
833014 
898552 
898554 
833018 
898556 
898558 
833022 
898561 
898562 
833026 
898563 
898564 
898565 
898567 
898569 
833033 
898571 
833036 
898574 
898575 
833039 
898576 
898577 
898578 
833042 
898580 
898582 
833047 
898584 
833048 
833049 
833050 
898587 
833051 
898588 
898589 
833053 
898590 
898591 
833055 
898593 
833057 
898595 
833060 
898597 
833063 
898600 
898601 
898602 
833066 
898603 
898604 
833069 
898606 
898608 
898610 
833074 
898613 
898615 
833079 
898617 
898619 
833084 
898622 
898624 
833089 
898626 
898628 
898631 
898633 
833098 
898635 
833100 
898637 
833102 
898640 
833104 
898642 
833107 
898644 
833109 
898646 
833111 
898649 
833113 
898651 
833116 
898653 
898655 
833120 
898658 
898660 
833124 
898662 
898664 
833128 
898667 
898668 
898669 
898670 
898671 
833135 
898673 
833138 
898675 
898677 
833141 
898680 
833144 
898683 
833149 
898686 
833150 
833151 
833152 
898689 
833153 
833155 
833157 
898694 
833159 
898698 
833162 
898702 
833166 
898706 
833170 
833174 
898713 
898715 
898717 
833181 
898719 
833184 
898722 
833187 
898726 
833190 
898730 
833195 
833196 
833197 
898734 
833198 
833199 
833201 
833203 
898741 
833205 
898744 
833208 
898747 
833211 
898750 
833214 
833217 
898755 
898756 
898757 
898758 
833222 
898759 
898761 
898763 
833228 
898765 
898768 
833233 
898772 
898776 
833242 
898780 
833244 
833246 
833249 
898787 
833251 
833253 
898790 
833255 
898793 
833258 
898796 
833262 
898801 
898802 
833266 
898803 
898804 
898805 
833270 
898807 
898809 
898811 
833277 
898814 
833279 
898817 
833281 
833283 
898820 
833286 
898823 
833289 
898828 
833292 
833295 
898833 
833300 
898838 
833304 
898843 
833308 
833315 
898852 
898854 
833319 
898856 
898858 
833324 
898861 
833325 
833326 
898863 
833327 
898865 
833329 
898867 
833332 
898870 
833335 
898874 
833338 
898878 
833343 
898882 
833348 
898889 
833355 
898892 
833357 
898895 
833359 
898898 
833362 
833364 
898903 
833367 
898904 
833368 
898905 
833369 
898906 
833370 
898907 
898909 
833374 
898911 
898913 
898916 
833381 
898920 
833386 
898924 
833390 
898928 
833397 
898935 
898938 
833402 
898941 
833406 
898944 
898949 
833413 
898950 
898951 
898952 
833416 
898953 
898955 
833419 
898957 
898959 
833424 
898962 
833427 
898965 
898968 
833432 
898971 
833435 
898976 
833440 
833442 
898981 
833445 
833448 
898986 
833451 
833454 
898991 
833459 
833462 
899000 
833465 
899002 
899004 
833468 
899006 
899009 
833473 
899011 
833476 
899013 
899015 
833479 
899018 
833482 
899022 
833487 
899026 
833492 
899030 
833497 
899037 
833502 
899040 
833506 
899043 
899046 
833513 
899051 
899052 
899053 
833517 
899054 
899055 
833520 
899057 
899059 
899061 
833525 
899064 
833528 
833531 
899068 
833534 
899072 
833539 
899076 
833542 
833545 
899083 
833548 
899086 
899089 
833553 
833554 
833555 
899092 
833556 
833557 
899097 
833561 
899098 
899099 
899100 
899101 
833565 
899103 
899105 
833569 
899107 
899110 
833576 
899113 
833579 
899116 
833582 
899119 
833585 
899124 
833590 
899129 
833595 
899134 
833600 
899139 
833605 
899148 
899150 
833614 
899152 
899154 
833618 
899157 
833622 
899159 
899161 
833626 
899163 
899166 
899167 
899168 
899169 
833633 
899170 
899172 
833637 
899174 
899176 
833641 
899179 
833645 
899182 
899185 
899188 
833652 
833655 
899193 
833658 
899196 
833661 
899199 
899202 
833666 
899207 
833671 
899208 
899209 
899210 
899211 
833676 
899213 
899215 
899217 
833681 
899220 
899222 
899224 
899226 
833690 
899229 
833694 
899231 
899233 
833698 
899235 
899238 
833702 
899239 
899240 
899241 
899242 
899244 
833709 
899246 
899248 
833713 
899251 
899252 
899253 
833717 
899254 
899255 
899257 
833721 
899259 
899261 
899264 
833728 
899266 
833731 
899268 
899270 
833734 
899273 
833737 
899275 
899277 
833742 
899279 
899282 
833746 
899283 
899284 
899285 
899286 
833750 
899288 
899290 
833754 
899292 
899295 
899296 
899297 
833761 
899298 
899299 
833764 
899301 
899303 
833767 
899305 
833770 
899308 
899310 
833775 
899312 
899314 
833779 
899317 
899318 
899319 
833783 
899320 
899321 
899323 
833787 
899325 
899327 
899330 
833794 
899331 
899332 
833796 
899333 
899334 
833798 
899336 
833800 
899338 
833803 
899340 
833806 
899343 
899345 
899347 
833812 
899349 
899352 
833816 
899354 
899356 
899358 
833822 
899361 
899362 
833826 
899363 
899364 
899365 
833830 
899367 
899369 
833834 
899371 
899374 
833838 
899376 
899378 
899380 
833845 
899383 
833848 
899385 
899387 
833851 
899389 
833854 
899392 
899393 
899394 
899395 
833859 
899396 
833860 
833861 
899398 
833862 
833863 
899400 
833865 
899402 
833867 
899405 
833869 
899407 
833872 
899409 
899411 
833877 
899414 
899417 
833881 
899420 
899423 
833888 
899428 
833892 
899430 
899432 
833897 
899434 
833898 
833899 
899437 
833902 
833904 
899441 
833907 
899445 
833910 
899449 
833913 
833916 
899456 
833921 
899459 
833925 
899462 
899465 
833929 
833933 
899470 
899471 
899472 
899473 
899474 
899476 
833940 
899478 
833942 
899480 
833944 
833946 
899483 
833949 
833950 
899487 
833951 
833952 
833953 
899491 
833957 
899495 
833961 
833965 
899502 
899505 
899508 
833972 
899511 
833975 
833978 
899516 
899517 
833981 
899518 
899519 
899520 
899522 
833986 
833987 
899524 
833988 
833989 
899526 
833990 
833992 
899529 
833994 
899532 
833996 
899535 
833999 
899538 
834003 
899543 
834007 
899547 
834011 
899551 
834018 
899555 
834021 
834024 
899562 
834027 
899564 
899566 
899568 
834032 
834033 
834034 
899571 
834035 
899572 
834036 
899573 
899574 
834038 
899575 
834040 
834042 
899579 
834045 
899583 
834048 
899587 
834051 
834054 
899594 
834059 
899597 
834063 
899600 
899603 
834067 
834071 
899608 
899609 
899610 
899611 
899612 
899614 
834078 
899616 
834080 
899618 
834082 
834084 
899621 
834087 
834088 
899625 
834089 
834090 
834091 
899629 
834095 
899633 
834099 
834103 
899640 
899643 
899646 
834110 
899649 
834113 
834116 
899654 
899655 
834119 
899656 
899657 
899658 
899660 
834124 
834125 
899662 
834126 
834127 
899664 
834128 
834130 
899667 
834132 
899670 
834134 
899673 
834137 
899676 
834141 
899681 
834145 
899685 
834149 
899689 
834156 
899693 
834159 
834162 
899700 
834165 
899702 
899704 
899706 
834170 
834171 
834172 
899709 
834173 
899710 
834174 
899711 
899712 
834176 
899713 
834178 
834180 
899717 
834183 
899721 
834186 
899725 
834189 
834192 
899732 
834197 
899735 
834201 
899738 
899741 
834205 
834209 
899746 
899747 
899748 
899749 
899750 
899752 
834216 
899754 
834218 
899756 
834220 
834222 
899759 
834225 
834226 
899763 
834227 
834228 
834229 
899767 
834233 
899771 
834237 
834241 
899778 
899781 
899784 
834248 
899787 
834251 
834254 
899792 
899793 
834257 
899794 
899795 
899796 
899798 
834262 
834263 
899800 
834264 
834265 
899802 
834266 
834268 
899805 
834270 
899808 
834272 
899811 
834275 
899814 
834279 
899819 
834283 
899823 
834287 
899827 
834294 
899831 
834297 
834300 
899838 
834303 
899840 
899842 
899844 
834308 
834309 
834310 
899847 
834311 
899848 
834312 
899849 
899850 
834314 
899851 
899852 
834316 
899853 
899854 
834318 
899855 
899857 
834321 
899859 
834324 
899861 
834327 
899864 
834330 
899867 
899870 
834335 
899873 
834339 
899878 
834343 
899881 
834347 
899884 
899887 
834354 
899892 
834356 
899893 
899894 
834358 
899895 
899896 
834360 
899898 
834363 
899900 
834364 
834365 
899902 
834366 
834367 
899905 
899906 
899907 
834371 
899908 
899909 
899911 
834375 
899913 
899915 
834379 
899918 
899919 
899920 
899921 
899922 
834386 
899924 
834389 
899926 
899928 
834392 
899931 
834395 
899932 
899933 
899934 
899935 
834400 
899937 
834401 
834402 
899939 
834403 
834404 
899941 
834406 
899944 
834408 
899946 
834410 
899948 
834413 
899950 
899953 
834417 
899954 
899955 
899956 
899957 
834421 
899958 
899959 
899960 
899961 
834425 
899963 
899965 
899967 
834432 
899970 
899971 
834435 
899972 
899973 
899974 
834438 
899976 
834441 
899978 
899980 
834446 
899983 
834447 
899984 
834448 
899985 
834449 
899986 
834450 
899987 
899988 
834452 
899989 
899990 
834454 
834456 
834459 
834462 
834465 
834468 
834473 
834477 
834481 
834485 
834492 
834494 
834496 
834498 
834501 
834502 
834503 
834504 
834505 
834509 
834513 
834517 
834524 
834527 
834530 
834533 
834538 
834539 
834540 
834541 
834542 
834544 
834546 
834548 
834551 
834555 
834559 
834563 
834570 
834573 
834576 
834579 
834584 
834585 
834586 
834587 
834588 
834590 
834592 
834594 
834597 
834600 
834603 
834606 
834611 
834615 
834619 
834623 
834630 
834632 
834634 
834636 
834639 
834640 
834641 
834642 
834643 
834647 
834651 
834655 
834662 
834665 
834668 
834671 
834676 
834677 
834678 
834679 
834680 
834682 
834684 
834686 
834689 
834693 
834697 
834701 
834708 
834711 
834714 
834717 
834722 
834723 
834724 
834725 
834726 
834728 
834730 
834732 
834735 
834738 
834741 
834744 
834749 
834753 
834757 
834761 
834768 
834770 
834772 
834774 
834777 
834778 
834779 
834780 
834781 
834785 
834789 
834793 
834800 
834803 
834806 
834809 
834814 
834815 
834816 
834817 
834818 
834820 
834822 
834824 
834827 
834831 
834835 
834839 
834846 
834849 
834852 
834855 
834860 
834861 
834862 
834863 
834864 
834866 
834868 
834870 
834873 
834876 
834879 
834882 
834887 
834891 
834895 
834899 
834906 
834908 
834910 
834912 
834915 
834916 
834917 
834918 
834919 
834923 
834927 
834931 
834938 
834941 
834944 
834947 
834952 
834953 
834954 
834955 
834956 
834958 
834960 
834962 
834965 
834969 
834973 
834977 
834984 
834987 
834990 
834993 
834998 
834999 
835000 
835001 
835002 
835004 
835006 
835008 
835011 
835014 
835017 
835020 
835025 
835029 
835033 
835037 
835044 
835046 
835048 
835050 
835053 
835054 
835055 
835056 
835057 
835061 
835065 
835069 
835076 
835079 
835082 
835085 
835090 
835091 
835092 
835093 
835094 
835096 
835098 
835100 
835103 
835107 
835111 
835115 
835122 
835125 
835128 
835131 
835136 
835137 
835138 
835139 
835140 
835142 
835144 
835146 
835149 
835152 
835155 
835158 
835163 
835167 
835171 
835175 
835182 
835184 
835186 
835188 
835191 
835192 
835193 
835194 
835195 
835199 
835203 
835207 
835214 
835217 
835220 
835223 
835228 
835229 
835230 
835231 
835232 
835234 
835236 
835238 
835241 
835245 
835249 
835253 
835260 
835263 
835266 
835269 
835274 
835275 
835276 
835277 
835278 
835280 
835282 
835284 
835287 
835290 
835293 
835296 
835301 
835305 
835309 
835313 
835320 
835322 
835324 
835326 
835329 
835330 
835331 
835332 
835333 
835337 
835341 
835345 
835352 
835355 
835358 
835361 
835366 
835367 
835368 
835369 
835370 
835372 
835374 
835376 
835379 
835383 
835387 
835391 
835398 
835401 
835404 
835407 
835412 
835413 
835414 
835415 
835416 
835418 
835420 
835422 
835425 
835428 
835431 
835434 
835439 
835443 
835447 
835451 
835458 
835460 
835462 
835464 
835467 
835468 
835469 
835470 
835471 
835475 
835479 
835483 
835490 
835494 
835497 
835502 
835503 
835504 
835505 
835506 
835508 
835510 
835513 
835517 
835521 
835525 
835532 
835535 
835538 
835541 
835546 
835547 
835548 
835549 
835550 
835552 
835554 
835556 
835559 
835562 
835565 
835568 
835573 
835578 
835582 
835589 
835591 
835593 
835596 
835597 
835598 
835599 
835604 
835609 
835610 
835618 
835621 
835626 
835627 
835628 
835632 
835646 
835656 
835660 
835663 
835666 
835669 
835674 
835677 
835680 
835683 
835688 
835691 
835694 
835697 
835702 
835706 
835711 
835715 
835718 
835723 
835727 
835730 
835735 
835738 
835741 
835744 
835749 
835751 
835753 
835755 
835758 
835759 
835760 
835761 
835762 
835766 
835770 
835774 
835781 
835784 
835787 
835790 
835795 
835798 
835801 
835804 
835809 
835812 
835815 
835818 
835823 
835825 
835827 
835829 
835832 
835835 
835838 
835841 
835846 
835850 
835854 
835858 
835865 
835869 
835873 
835877 
835884 
835888 
835892 
835896 
835903 
835906 
835909 
835912 
835917 
835919 
835921 
835923 
835926 
835928 
835930 
835932 
835935 
835939 
835943 
835947 
835954 
835958 
835962 
835966 
835973 
835975 
835977 
835979 
835982 
835987 
835992 
835997 
836006 
836010 
836014 
836018 
836025 
836027 
836029 
836031 
836034 
836038 
836042 
836046 
836053 
836056 
836059 
836062 
836067 
836070 
836073 
836076 
836081 
836084 
836087 
836090 
836095 
836097 
836099 
836101 
836104 
836107 
836110 
836113 
836118 
836121 
836124 
836127 
836132 
836136 
836140 
836144 
836151 
836155 
836159 
836163 
836170 
836173 
836176 
836179 
836184 
836188 
836192 
836196 
836203 
836206 
836209 
836212 
836217 
836218 
836219 
836220 
836221 
836223 
836225 
836227 
836230 
836234 
836238 
836242 
836249 
836252 
836255 
836258 
836263 
836266 
836269 
836272 
836277 
836281 
836285 
836289 
836296 
836299 
836302 
836305 
836310 
836314 
836318 
836322 
836329 
836333 
836337 
836341 
836348 
836351 
836354 
836357 
836362 
836364 
836366 
836368 
836371 
836374 
836377 
836380 
836385 
836388 
836391 
836394 
836399 
836401 
836403 
836405 
836408 
836412 
836416 
836420 
836427 
836431 
836435 
836439 
836446 
836450 
836454 
836458 
836465 
836469 
836473 
836477 
836484 
836487 
836490 
836493 
836498 
836500 
836502 
836504 
836507 
836509 
836511 
836513 
836516 
836520 
836524 
836528 
836535 
836538 
836541 
836544 
836549 
836552 
836555 
836558 
836563 
836567 
836571 
836575 
836582 
836587 
836592 
836597 
836606 
836608 
836610 
836612 
836615 
836619 
836623 
836627 
836634 
836637 
836640 
836643 
836648 
836651 
836654 
836657 
836662 
836664 
836666 
836668 
836671 
836674 
836677 
836680 
836685 
836687 
836689 
836691 
836694 
836697 
836700 
836703 
836708 
836712 
836716 
836720 
836727 
836731 
836735 
836739 
836746 
836749 
836752 
836755 
836760 
836764 
836768 
836772 
836779 
836782 
836785 
836788 
836793 
836794 
836795 
836796 
836797 
836799 
836801 
836803 
836806 
836810 
836814 
836818 
836825 
836828 
836831 
836834 
836839 
836843 
836847 
836851 
836858 
836863 
836868 
836873 
836882 
836886 
836890 
836894 
836901 
836903 
836905 
836907 
836910 
836913 
836916 
836919 
836924 
836926 
836928 
836930 
836933 
836937 
836941 
836945 
836952 
836956 
836960 
836964 
836971 
836975 
836979 
836983 
836990 
836994 
836998 
837002 
837009 
837012 
837015 
837018 
837023 
837025 
837027 
837029 
837032 
837034 
837036 
837038 
837041 
837045 
837049 
837053 
837060 
837064 
837068 
837072 
837079 
837081 
837083 
837085 
837088 
837093 
837098 
837103 
837112 
837116 
837120 
837124 
837131 
837135 
837139 
837143 
837150 
837153 
837156 
837159 
837164 
837167 
837170 
837173 
837178 
837181 
837184 
837187 
837192 
837194 
837196 
837198 
837201 
837204 
837207 
837210 
837215 
837218 
837221 
837224 
837229 
837233 
837237 
837241 
837248 
837252 
837256 
837260 
837267 
837270 
837273 
837276 
837281 
837285 
837289 
837293 
837300 
837303 
837306 
837309 
837314 
837315 
837316 
837317 
837318 
837320 
837322 
837324 
837327 
837331 
837335 
837339 
837346 
837349 
837352 
837355 
837360 
837363 
837366 
837369 
837374 
837378 
837382 
837386 
837393 
837397 
837401 
837405 
837412 
837417 
837422 
837427 
837436 
837439 
837442 
837445 
837450 
837453 
837456 
837459 
837464 
837468 
837472 
837476 
837483 
837485 
837487 
837489 
837492 
837495 
837498 
837501 
837506 
837509 
837512 
837515 
837520 
837522 
837524 
837526 
837529 
837533 
837537 
837541 
837548 
837552 
837556 
837560 
837567 
837571 
837575 
837579 
837586 
837590 
837594 
837598 
837605 
837608 
837611 
837614 
837619 
837621 
837623 
837625 
837628 
837630 
837632 
837634 
837637 
837641 
837645 
837649 
837656 
837659 
837662 
837665 
837670 
837673 
837676 
837679 
837684 
837689 
837694 
837699 
837708 
837711 
837714 
837717 
837722 
837726 
837730 
837734 
837741 
837744 
837747 
837750 
837755 
837757 
837759 
837761 
837764 
837767 
837770 
837773 
837778 
837780 
837782 
837784 
837787 
837790 
837793 
837796 
837801 
837804 
837807 
837810 
837815 
837819 
837823 
837827 
837834 
837837 
837840 
837843 
837848 
837851 
837854 
837857 
837862 
837865 
837868 
837871 
837876 
837880 
837884 
837888 
837895 
837898 
837901 
837904 
837909 
837910 
837911 
837912 
837913 
837915 
837917 
837919 
837922 
837926 
837930 
837934 
837941 
837944 
837947 
837950 
837955 
837960 
837965 
837970 
837979 
837983 
837987 
837991 
837998 
838002 
838006 
838010 
838017 
838020 
838023 
838026 
838031 
838033 
838035 
838037 
838040 
838042 
838044 
838046 
838049 
838052 
838055 
838058 
838063 
838068 
838073 
838078 
838087 
838090 
838093 
838096 
838101 
838103 
838105 
838107 
838110 
838113 
838116 
838119 
838124 
838127 
838130 
838133 
838138 
838140 
838142 
838144 
838147 
838151 
838155 
838159 
838166 
838168 
838170 
838172 
838175 
838179 
838183 
838187 
838194 
838197 
838200 
838203 
838208 
838211 
838214 
838217 
838222 
838227 
838232 
838237 
838246 
838250 
838254 
838258 
838265 
838269 
838273 
838277 
838284 
838288 
838292 
838296 
838303 
838306 
838309 
838312 
838317 
838318 
838319 
838320 
838321 
838323 
838325 
838327 
838330 
838333 
838336 
838339 
838344 
838349 
838354 
838359 
838368 
838371 
838374 
838377 
838382 
838384 
838386 
838388 
838391 
838394 
838397 
838400 
838405 
838408 
838411 
838414 
838419 
838421 
838423 
838425 
838428 
838432 
838436 
838440 
838447 
838449 
838451 
838453 
838456 
838460 
838464 
838468 
838475 
838478 
838481 
838484 
838489 
838492 
838495 
838498 
838503 
838508 
838513 
838518 
838527 
838531 
838535 
838539 
838546 
838550 
838554 
838558 
838565 
838569 
838573 
838577 
838584 
838587 
838590 
838593 
838598 
838600 
838602 
838604 
838607 
838609 
838611 
838613 
838616 
838619 
838622 
838625 
838630 
838635 
838640 
838645 
838654 
838656 
838658 
838660 
838663 
838665 
838667 
838669 
838672 
838675 
838678 
838681 
838686 
838689 
838692 
838695 
838700 
838702 
838704 
838706 
838709 
838713 
838717 
838721 
838728 
838730 
838732 
838734 
838737 
838741 
838745 
838749 
838756 
838759 
838762 
838765 
838770 
838773 
838776 
838779 
838784 
838789 
838794 
838799 
838808 
838812 
838816 
838820 
838827 
838831 
838835 
838839 
838846 
838850 
838854 
838858 
838865 
838868 
838871 
838874 
838879 
838881 
838883 
838885 
838888 
838890 
838892 
838894 
838897 
838900 
838903 
838906 
838911 
838916 
838921 
838926 
838935 
838937 
838939 
838941 
838944 
838946 
838948 
838950 
838953 
838956 
838959 
838962 
838967 
838970 
838973 
838976 
838981 
838983 
838985 
838987 
838990 
838994 
838998 
839002 
839009 
839011 
839013 
839015 
839018 
839022 
839026 
839030 
839037 
839040 
839043 
839046 
839051 
839054 
839057 
839060 
839065 
839070 
839075 
839080 
839089 
839093 
839097 
839101 
839108 
839112 
839116 
839120 
839127 
839130 
839133 
839136 
839141 
839143 
839145 
839147 
839150 
839152 
839154 
839156 
839159 
839162 
839165 
839168 
839173 
839178 
839183 
839188 
839197 
839200 
839203 
839206 
839211 
839213 
839215 
839217 
839220 
839223 
839226 
839229 
839234 
839237 
839240 
839243 
839248 
839250 
839252 
839254 
839257 
839261 
839265 
839269 
839276 
839278 
839280 
839282 
839285 
839289 
839293 
839297 
839304 
839307 
839310 
839313 
839318 
839321 
839324 
839327 
839332 
839337 
839342 
839347 
839356 
839360 
839364 
839368 
839375 
839379 
839383 
839387 
839394 
839398 
839402 
839406 
839413 
839416 
839419 
839422 
839427 
839428 
839429 
839430 
839431 
839433 
839435 
839437 
839440 
839443 
839446 
839449 
839454 
839459 
839464 
839469 
839478 
839481 
839484 
839487 
839492 
839494 
839496 
839498 
839501 
839504 
839507 
839510 
839515 
839518 
839521 
839524 
839529 
839531 
839533 
839535 
839538 
839542 
839546 
839550 
839557 
839559 
839561 
839563 
839566 
839570 
839574 
839578 
839585 
839588 
839591 
839594 
839599 
839602 
839605 
839608 
839613 
839618 
839623 
839628 
839637 
839641 
839645 
839649 
839656 
839660 
839664 
839668 
839675 
839679 
839683 
839687 
839694 
839697 
839700 
839703 
839708 
839710 
839712 
839714 
839717 
839719 
839721 
839723 
839726 
839729 
839732 
839735 
839740 
839745 
839750 
839755 
839764 
839766 
839768 
839770 
839773 
839775 
839777 
839779 
839782 
839785 
839788 
839791 
839796 
839799 
839802 
839805 
839810 
839812 
839814 
839816 
839819 
839823 
839827 
839831 
839838 
839840 
839842 
839844 
839847 
839851 
839855 
839859 
839866 
839869 
839872 
839875 
839880 
839883 
839886 
839889 
839894 
839899 
839904 
839909 
839918 
839922 
839926 
839930 
839937 
839940 
839943 
839946 
839951 
839955 
839959 
839963 
839970 
839973 
839976 
839979 
839984 
839986 
839988 
839990 
839993 
839995 
839997 
839999 
840002 
840005 
840008 
840011 
840016 
840020 
840024 
840028 
840035 
840037 
840039 
840041 
840044 
840045 
840046 
840047 
840048 
840051 
840054 
840057 
840062 
840065 
840068 
840071 
840076 
840078 
840080 
840082 
840085 
840088 
840091 
840094 
840099 
840101 
840103 
840105 
840108 
840112 
840116 
840120 
840127 
840129 
840131 
840133 
840136 
840139 
840142 
840145 
840150 
840154 
840158 
840162 
840169 
840172 
840175 
840178 
840183 
840184 
840185 
840186 
840187 
840189 
840191 
840193 
840196 
840200 
840204 
840208 
840215 
840217 
840219 
840221 
840224 
840227 
840230 
840233 
840238 
840241 
840244 
840247 
840252 
840255 
840258 
840261 
840266 
840269 
840272 
840275 
840280 
840282 
840284 
840286 
840289 
840293 
840297 
840301 
840308 
840311 
840314 
840317 
840322 
840323 
840324 
840325 
840326 
840328 
840330 
840332 
840335 
840339 
840343 
840347 
840354 
840356 
840358 
840360 
840363 
840366 
840369 
840372 
840377 
840380 
840383 
840386 
840391 
840394 
840397 
840400 
840405 
840410 
840415 
840420 
840429 
840431 
840433 
840435 
840438 
840442 
840446 
840450 
840457 
840458 
840459 
840460 
840461 
840465 
840469 
840473 
840480 
840483 
840486 
840489 
840494 
840495 
840496 
840497 
840498 
840500 
840502 
840504 
840507 
840511 
840515 
840519 
840526 
840528 
840530 
840532 
840535 
840538 
840541 
840544 
840549 
840552 
840555 
840558 
840563 
840566 
840569 
840572 
840577 
840579 
840581 
840583 
840586 
840590 
840594 
840598 
840605 
840608 
840611 
840614 
840619 
840620 
840621 
840622 
840623 
840625 
840627 
840629 
840632 
840636 
840640 
840644 
840651 
840653 
840655 
840657 
840660 
840664 
840668 
840672 
840679 
840682 
840685 
840688 
840693 
840696 
840699 
840702 
840707 
840712 
840717 
840722 
840731 
840733 
840735 
840737 
840740 
840742 
840744 
840746 
840749 
840753 
840757 
840761 
840768 
840771 
840774 
840777 
840782 
840783 
840784 
840785 
840786 
840788 
840790 
840792 
840795 
840799 
840803 
840807 
840814 
840816 
840818 
840820 
840823 
840826 
840829 
840832 
840837 
840840 
840843 
840846 
840851 
840855 
840859 
840863 
840870 
840873 
840876 
840879 
840884 
840886 
840888 
840890 
840893 
840897 
840901 
840905 
840912 
840915 
840918 
840921 
840926 
840927 
840928 
840929 
840930 
840932 
840934 
840936 
840939 
840943 
840947 
840951 
840958 
840960 
840962 
840964 
840967 
840970 
840973 
840976 
840981 
840984 
840987 
840990 
840995 
840998 
841001 
841004 
841009 
841014 
841019 
841024 
841033 
841035 
841037 
841039 
841042 
841046 
841050 
841054 
841061 
841062 
841063 
841064 
841065 
841069 
841073 
841077 
841084 
841087 
841090 
841093 
841098 
841099 
841100 
841101 
841102 
841104 
841106 
841108 
841111 
841115 
841119 
841123 
841130 
841132 
841134 
841136 
841139 
841142 
841145 
841148 
841153 
841156 
841159 
841162 
841167 
841170 
841173 
841176 
841181 
841183 
841185 
841187 
841190 
841194 
841198 
841202 
841209 
841212 
841215 
841218 
841223 
841224 
841225 
841226 
841227 
841229 
841231 
841233 
841236 
841240 
841244 
841248 
841255 
841257 
841259 
841261 
841264 
841268 
841272 
841276 
841283 
841286 
841289 
841292 
841297 
841299 
841301 
841303 
841306 
841311 
841316 
841321 
841330 
841332 
841334 
841336 
841339 
841341 
841343 
841345 
841348 
841352 
841356 
841360 
841367 
841370 
841373 
841376 
841381 
841383 
841385 
841387 
841390 
841393 
841396 
841399 
841404 
841409 
841414 
841419 
841428 
841432 
841436 
841440 
841447 
841450 
841453 
841456 
841461 
841464 
841467 
841470 
841475 
841479 
841483 
841487 
841494 
841498 
841502 
841506 
841513 
841516 
841519 
841522 
841527 
841531 
841535 
841539 
841546 
841550 
841554 
841558 
841565 
841569 
841573 
841577 
841584 
841586 
841588 
841590 
841593 
841596 
841599 
841602 
841607 
841611 
841615 
841619 
841626 
841629 
841632 
841635 
841640 
841643 
841646 
841649 
841654 
841658 
841662 
841666 
841673 
841677 
841681 
841685 
841692 
841695 
841698 
841701 
841706 
841711 
841716 
841721 
841730 
841734 
841738 
841742 
841749 
841751 
841753 
841755 
841758 
841761 
841764 
841767 
841772 
841775 
841778 
841781 
841786 
841790 
841794 
841798 
841805 
841809 
841813 
841817 
841824 
841828 
841832 
841836 
841843 
841846 
841849 
841852 
841857 
841862 
841867 
841872 
841881 
841885 
841889 
841893 
841900 
841902 
841904 
841906 
841909 
841912 
841915 
841918 
841923 
841926 
841929 
841932 
841937 
841941 
841945 
841949 
841956 
841960 
841964 
841968 
841975 
841979 
841983 
841987 
841994 
841997 
842000 
842003 
842008 
842013 
842018 
842023 
842032 
842036 
842040 
842044 
842051 
842053 
842055 
842057 
842060 
842063 
842066 
842069 
842074 
842079 
842084 
842089 
842098 
842101 
842104 
842107 
842112 
842116 
842120 
842124 
842131 
842135 
842139 
842143 
842150 
842154 
842158 
842162 
842169 
842172 
842175 
842178 
842183 
842186 
842189 
842192 
842197 
842200 
842203 
842206 
842211 
842216 
842221 
842226 
842235 
842238 
842241 
842244 
842249 
842252 
842255 
842258 
842263 
842267 
842271 
842275 
842282 
842286 
842290 
842294 
842301 
842304 
842307 
842310 
842315 
842320 
842325 
842330 
842339 
842343 
842347 
842351 
842358 
842361 
842364 
842367 
842372 
842374 
842376 
842378 
842381 
842384 
842387 
842390 
842395 
842398 
842401 
842404 
842409 
842413 
842417 
842421 
842428 
842432 
842436 
842440 
842447 
842451 
842455 
842459 
842466 
842469 
842472 
842475 
842480 
842483 
842486 
842489 
842494 
842498 
842502 
842506 
842513 
842515 
842517 
842519 
842522 
842525 
842528 
842531 
842536 
842541 
842546 
842551 
842560 
842562 
842564 
842566 
842569 
842572 
842575 
842578 
842583 
842585 
842587 
842589 
842592 
842596 
842600 
842604 
842611 
842615 
842619 
842623 
842630 
842633 
842636 
842639 
842644 
842648 
842652 
842656 
842663 
842667 
842671 
842675 
842682 
842683 
842684 
842685 
842686 
842689 
842692 
842695 
842700 
842704 
842708 
842712 
842719 
842721 
842723 
842725 
842728 
842731 
842734 
842737 
842742 
842747 
842752 
842757 
842766 
842769 
842772 
842775 
842780 
842783 
842786 
842789 
842794 
842798 
842802 
842806 
842813 
842817 
842821 
842825 
842832 
842836 
842840 
842844 
842851 
842854 
842857 
842860 
842865 
842870 
842875 
842880 
842889 
842892 
842895 
842898 
842903 
842905 
842907 
842909 
842912 
842915 
842918 
842921 
842926 
842931 
842936 
842941 
842950 
842953 
842956 
842959 
842964 
842967 
842970 
842973 
842978 
842982 
842986 
842990 
842997 
843001 
843005 
843009 
843016 
843020 
843024 
843028 
843035 
843038 
843041 
843044 
843049 
843053 
843057 
843061 
843068 
843070 
843072 
843074 
843077 
843080 
843083 
843086 
843091 
843096 
843101 
843106 
843115 
843118 
843121 
843124 
843129 
843132 
843135 
843138 
843143 
843147 
843151 
843155 
843162 
843166 
843170 
843174 
843181 
843185 
843189 
843193 
843200 
843203 
843206 
843209 
843214 
843219 
843224 
843229 
843238 
843241 
843244 
843247 
843252 
843254 
843256 
843258 
843261 
843264 
843267 
843270 
843275 
843280 
843285 
843290 
843299 
843302 
843305 
843308 
843313 
843316 
843319 
843322 
843327 
843331 
843335 
843339 
843346 
843350 
843354 
843358 
843365 
843369 
843373 
843377 
843384 
843385 
843386 
843387 
843388 
843391 
843394 
843397 
843402 
843407 
843412 
843417 
843426 
843429 
843432 
843435 
843440 
843442 
843444 
843446 
843449 
843452 
843455 
843458 
843463 
843468 
843473 
843478 
843487 
843491 
843495 
843499 
843506 
843509 
843512 
843515 
843520 
843523 
843526 
843529 
843534 
843538 
843542 
843546 
843553 
843557 
843561 
843565 
843572 
843576 
843580 
843584 
843591 
843594 
843597 
843600 
843605 
843609 
843613 
843617 
843624 
843627 
843630 
843633 
843638 
843640 
843642 
843644 
843647 
843650 
843653 
843656 
843661 
843666 
843671 
843676 
843685 
843688 
843691 
843694 
843699 
843702 
843705 
843708 
843713 
843717 
843721 
843725 
843732 
843736 
843740 
843744 
843751 
843755 
843759 
843763 
843770 
843772 
843774 
843776 
843779 
843782 
843785 
843788 
843793 
843797 
843801 
843805 
843812 
843814 
843816 
843818 
843821 
843824 
843827 
843830 
843835 
843840 
843845 
843850 
843859 
843863 
843867 
843871 
843878 
843881 
843884 
843887 
843892 
843895 
843898 
843901 
843906 
843910 
843914 
843918 
843925 
843929 
843933 
843937 
843944 
843948 
843952 
843956 
843963 
843966 
843969 
843972 
843977 
843981 
843985 
843989 
843996 
843998 
844000 
844002 
844005 
844008 
844011 
844014 
844019 
844023 
844027 
844031 
844038 
844041 
844044 
844047 
844052 
844055 
844058 
844061 
844066 
844068 
844070 
844072 
844075 
844079 
844083 
844087 
844094 
844098 
844102 
844106 
844113 
844117 
844121 
844125 
844132 
844135 
844138 
844141 
844146 
844149 
844152 
844155 
844160 
844164 
844168 
844172 
844179 
844183 
844187 
844191 
844198 
844201 
844204 
844207 
844212 
844217 
844222 
844227 
844236 
844239 
844242 
844245 
844250 
844253 
844256 
844259 
844264 
844267 
844270 
844273 
844278 
844281 
844284 
844287 
844292 
844295 
844298 
844301 
844306 
844308 
844310 
844312 
844315 
844319 
844323 
844327 
844334 
844338 
844342 
844346 
844353 
844357 
844361 
844365 
844372 
844376 
844380 
844384 
844391 
844395 
844399 
844403 
844410 
844414 
844418 
844422 
844429 
844432 
844435 
844438 
844443 
844447 
844451 
844455 
844462 
844465 
844468 
844471 
844476 
844479 
844482 
844485 
844490 
844493 
844496 
844499 
844504 
844506 
844508 
844510 
844513 
844517 
844521 
844525 
844532 
844536 
844540 
844544 
844551 
844555 
844559 
844563 
844570 
844574 
844578 
844582 
844589 
844593 
844597 
844601 
844608 
844612 
844616 
844620 
844627 
844630 
844633 
844636 
844641 
844646 
844651 
844656 
844665 
844668 
844671 
844674 
844679 
844683 
844687 
844691 
844698 
844700 
844702 
844704 
844707 
844710 
844713 
844716 
844721 
844724 
844727 
844730 
844735 
844737 
844739 
844741 
844744 
844748 
844752 
844756 
844763 
844767 
844771 
844775 
844782 
844786 
844790 
844794 
844801 
844805 
844809 
844813 
844820 
844823 
844826 
844829 
844834 
844837 
844840 
844843 
844848 
844852 
844856 
844860 
844867 
844871 
844875 
844879 
844886 
844889 
844892 
844895 
844900 
844905 
844910 
844915 
844924 
844927 
844930 
844933 
844938 
844941 
844944 
844947 
844952 
844955 
844958 
844961 
844966 
844969 
844972 
844975 
844980 
844983 
844986 
844989 
844994 
844996 
844998 
845000 
845003 
845007 
845011 
845015 
845022 
845026 
845030 
845034 
845041 
845045 
845049 
845053 
845060 
845064 
845068 
845072 
845079 
845083 
845087 
845091 
845098 
845101 
845104 
845107 
845112 
845116 
845120 
845124 
845131 
845136 
845141 
845146 
845155 
845157 
845159 
845161 
845164 
845167 
845170 
845173 
845178 
845181 
845184 
845187 
845192 
845194 
845196 
845198 
845201 
845205 
845209 
845213 
845220 
845224 
845228 
845232 
845239 
845243 
845247 
845251 
845258 
845262 
845266 
845270 
845277 
845281 
845285 
845289 
845296 
845299 
845302 
845305 
845310 
845314 
845318 
845322 
845329 
845334 
845339 
845344 
845353 
845355 
845357 
845359 
845362 
845365 
845368 
845371 
845376 
845379 
845382 
845385 
845390 
845392 
845394 
845396 
845399 
845403 
845407 
845411 
845418 
845422 
845426 
845430 
845437 
845441 
845445 
845449 
845456 
845460 
845464 
845468 
845475 
845479 
845483 
845487 
845494 
845498 
845502 
845506 
845513 
845517 
845521 
845525 
845532 
845535 
845538 
845541 
845546 
845551 
845556 
845561 
845570 
845573 
845576 
845579 
845584 
845587 
845590 
845593 
845598 
845601 
845604 
845607 
845612 
845615 
845618 
845621 
845626 
845629 
845632 
845635 
845640 
845642 
845644 
845646 
845649 
845653 
845657 
845661 
845668 
845672 
845676 
845680 
845687 
845691 
845695 
845699 
845706 
845709 
845712 
845715 
845720 
845724 
845728 
845732 
845739 
845743 
845747 
845751 
845758 
845761 
845764 
845767 
845772 
845776 
845780 
845784 
845791 
845796 
845801 
845806 
845815 
845817 
845819 
845821 
845824 
845827 
845830 
845833 
845838 
845841 
845844 
845847 
845852 
845854 
845856 
845858 
845861 
845864 
845867 
845870 
845875 
845878 
845881 
845884 
845889 
845893 
845897 
845901 
845908 
845912 
845916 
845920 
845927 
845930 
845933 
845936 
845941 
845944 
845947 
845950 
845955 
845959 
845963 
845967 
845974 
845977 
845980 
845983 
845988 
845993 
845998 
846003 
846012 
846015 
846018 
846021 
846026 
846029 
846032 
846035 
846040 
846045 
846050 
846055 
846064 
846069 
846074 
846079 
846088 
846093 
846098 
846103 
846112 
846115 
846118 
846121 
846126 
846130 
846134 
846138 
846145 
846149 
846153 
846157 
846164 
846167 
846170 
846173 
846178 
846182 
846186 
846190 
846197 
846201 
846205 
846209 
846216 
846219 
846222 
846225 
846230 
846234 
846238 
846242 
846249 
846253 
846257 
846261 
846268 
846273 
846278 
846283 
846292 
846296 
846300 
846304 
846311 
846315 
846319 
846323 
846330 
846333 
846336 
846339 
846344 
846349 
846354 
846359 
846368 
846373 
846378 
846383 
846392 
846397 
846402 
846407 
846416 
846419 
846422 
846425 
846430 
846434 
846438 
846442 
846449 
846453 
846457 
846461 
846468 
846471 
846474 
846477 
846482 
846486 
846490 
846494 
846501 
846505 
846509 
846513 
846520 
846523 
846526 
846529 
846534 
846538 
846542 
846546 
846553 
846558 
846563 
846568 
846577 
846581 
846585 
846589 
846596 
846600 
846604 
846608 
846615 
846619 
846623 
846627 
846634 
846639 
846644 
846649 
846658 
846662 
846666 
846670 
846677 
846679 
846681 
846683 
846686 
846690 
846694 
846698 
846705 
846709 
846713 
846717 
846724 
846728 
846732 
846736 
846743 
846747 
846751 
846755 
846762 
846765 
846768 
846771 
846776 
846780 
846784 
846788 
846795 
846799 
846803 
846807 
846814 
846817 
846820 
846823 
846828 
846831 
846834 
846837 
846842 
846846 
846850 
846854 
846861 
846864 
846867 
846870 
846875 
846880 
846885 
846890 
846899 
846903 
846907 
846911 
846918 
846921 
846924 
846927 
846932 
846935 
846938 
846941 
846946 
846950 
846954 
846958 
846965 
781429 
846970 
781435 
846975 
846980 
781444 
781449 
846989 
781454 
846992 
781458 
846995 
846998 
781465 
847003 
781469 
847007 
781473 
847011 
781477 
847015 
781484 
847022 
781489 
847026 
847030 
781494 
847034 
781499 
847041 
847044 
781508 
847047 
781511 
847050 
781514 
781517 
847055 
781522 
847059 
781526 
847063 
781530 
847067 
781534 
847074 
781541 
847078 
781545 
847082 
781549 
847086 
781553 
847093 
847096 
781560 
847099 
781565 
847102 
781570 
847107 
847110 
781575 
847113 
847116 
781584 
847121 
781587 
847126 
781590 
781593 
847131 
781598 
847136 
781602 
781606 
847145 
781610 
847148 
847151 
781617 
847154 
781621 
847159 
781625 
847162 
847165 
781629 
847168 
781636 
847173 
781641 
847178 
781646 
847183 
781651 
847188 
781660 
847197 
781663 
847201 
781666 
847205 
781669 
847209 
781674 
781678 
847216 
781682 
847219 
847222 
781686 
847225 
781693 
847230 
781697 
847235 
781701 
847240 
781705 
847245 
781712 
781717 
847254 
781722 
847259 
781727 
847264 
847269 
781736 
781739 
847278 
781742 
781745 
847282 
847286 
781750 
847290 
781754 
781758 
847297 
781762 
847301 
847305 
781769 
847309 
781773 
781777 
847316 
781781 
847320 
847324 
781788 
847328 
781794 
847335 
781799 
847338 
847341 
847344 
781808 
781811 
847349 
781814 
847353 
781817 
847357 
781822 
847361 
781826 
847368 
781833 
847372 
847376 
847380 
847387 
781852 
847390 
781856 
847393 
847396 
781860 
781864 
847401 
847406 
781871 
847411 
781875 
781879 
847416 
781883 
847425 
781890 
847428 
781894 
847431 
847434 
781898 
781902 
847439 
847444 
781909 
847449 
781914 
847454 
781919 
781924 
847463 
847466 
847469 
781933 
847472 
781938 
847477 
781943 
847481 
781948 
847485 
847489 
781957 
847496 
781962 
847501 
781967 
847506 
781972 
847511 
781981 
847520 
847522 
781986 
847524 
847526 
781991 
847529 
781996 
847534 
847539 
782005 
847544 
782010 
782015 
847553 
782020 
847558 
847563 
782029 
847568 
782034 
782039 
847577 
847580 
782044 
847583 
847586 
782053 
847591 
782058 
847595 
847599 
782063 
847603 
782068 
847610 
782077 
847614 
847618 
782082 
847622 
782087 
782092 
847629 
847632 
847635 
782101 
847638 
782106 
847643 
847647 
782111 
847651 
782116 
847655 
782125 
847662 
847666 
782130 
847670 
782135 
847674 
782140 
847681 
847684 
782149 
847687 
847690 
782154 
847695 
782159 
847699 
782164 
847703 
847707 
782173 
847714 
782178 
847719 
782183 
847724 
782188 
847729 
782197 
847738 
782202 
847742 
782207 
847746 
782212 
847750 
847757 
782221 
847761 
782226 
847765 
782231 
847769 
782236 
847776 
847781 
782245 
847786 
782250 
847791 
782255 
782260 
847800 
847804 
782269 
847808 
782274 
847812 
782279 
847819 
782284 
847821 
847823 
847825 
847828 
782293 
847832 
782298 
847836 
782303 
847840 
782308 
847847 
847851 
782317 
847855 
782322 
847859 
782327 
847866 
782332 
847870 
847874 
782341 
847878 
782346 
847885 
782351 
847889 
782356 
847893 
847897 
782365 
847904 
782370 
847907 
847910 
782375 
847913 
782380 
847918 
847922 
782389 
847926 
847930 
782394 
782399 
847937 
782404 
847941 
847945 
847949 
782413 
847956 
847959 
782424 
847962 
847965 
782429 
847970 
782436 
847973 
847976 
847979 
782447 
847984 
847988 
782453 
847992 
847996 
782462 
848003 
782468 
848006 
848009 
848012 
782477 
848017 
782482 
848021 
782487 
848025 
782492 
848029 
848036 
782501 
848040 
782506 
848044 
782511 
848048 
782516 
848055 
848058 
848061 
782525 
848064 
782530 
848069 
782535 
848073 
782540 
848077 
848081 
782549 
848088 
782554 
848093 
782559 
848098 
782564 
848103 
782573 
848112 
848114 
782578 
848116 
848118 
782583 
848121 
782588 
848125 
848129 
848133 
782597 
782602 
848140 
848143 
782607 
848146 
782612 
848149 
848154 
848157 
782621 
848160 
782626 
848163 
782631 
848168 
848172 
782636 
848176 
848180 
782645 
782650 
848187 
848191 
782655 
848195 
782660 
848199 
782669 
848206 
848209 
782674 
848212 
848215 
782679 
848220 
782684 
848224 
848228 
782693 
848232 
782698 
848239 
782703 
848243 
782708 
848247 
848251 
782717 
848258 
782722 
848262 
782727 
848266 
782732 
848270 
848277 
782741 
848281 
782746 
848285 
782751 
848289 
782756 
848296 
848301 
782765 
848306 
782770 
848311 
782775 
782780 
848320 
848322 
848324 
782789 
848326 
848329 
782794 
848332 
848335 
782799 
848338 
782804 
848343 
848346 
848349 
782813 
848352 
782818 
848357 
782823 
848360 
848363 
782828 
848366 
848371 
848373 
782837 
848375 
848377 
848380 
782847 
848384 
848388 
848392 
782857 
848399 
782863 
848401 
848403 
848405 
848408 
782872 
848412 
782876 
848416 
782880 
848420 
782884 
848427 
782891 
848430 
782896 
848433 
848436 
782901 
848441 
782906 
848444 
848447 
848450 
782915 
848455 
782920 
848458 
848461 
782925 
848464 
782930 
848469 
848471 
848473 
848475 
782939 
848478 
782944 
848482 
782949 
848486 
848490 
782954 
848497 
782963 
848502 
782968 
848507 
782973 
848512 
782978 
848521 
782987 
848525 
782992 
848529 
848533 
782997 
783002 
848540 
848544 
783011 
848548 
848552 
783016 
783021 
848559 
783026 
848564 
848569 
783035 
848574 
783040 
783045 
848583 
848586 
783050 
848589 
848592 
783059 
848597 
783063 
848601 
783067 
848605 
783071 
848609 
783078 
848616 
783083 
848621 
783088 
848626 
783093 
848631 
783102 
848640 
848642 
783107 
848644 
848646 
783112 
848649 
848652 
783117 
848655 
848658 
783126 
848663 
848666 
783131 
848669 
848672 
783136 
848677 
783141 
848679 
848681 
848683 
848686 
783150 
848690 
783155 
848694 
783160 
848698 
783165 
848705 
848709 
783174 
848713 
783179 
848717 
783184 
848724 
783189 
848727 
848730 
848733 
783198 
848738 
783203 
848741 
848744 
783208 
848747 
783213 
848752 
848755 
848758 
783222 
848761 
783227 
848766 
848768 
783232 
848770 
848772 
783237 
848775 
848779 
783246 
848783 
783250 
848787 
783254 
848794 
783258 
848799 
783265 
848804 
783269 
848809 
783273 
783277 
848818 
783284 
848822 
783289 
848826 
848830 
783294 
783299 
848837 
848841 
783308 
848845 
848849 
783313 
783318 
848856 
848859 
783323 
848862 
848865 
783332 
848870 
848873 
783337 
848876 
783342 
848879 
783347 
848884 
848888 
848892 
783356 
848896 
783361 
783366 
848903 
848906 
783371 
848909 
848912 
783380 
848917 
848920 
783385 
848923 
848926 
783390 
848931 
783395 
848934 
848937 
848940 
783404 
848945 
783409 
848947 
848949 
783414 
848951 
848954 
783419 
848958 
848962 
783428 
848966 
783433 
848973 
783438 
848976 
848979 
783443 
848982 
848987 
783452 
848991 
783457 
848995 
783462 
848999 
783467 
849006 
849009 
849012 
783476 
849015 
783481 
849020 
783486 
849023 
849026 
783491 
849029 
849034 
783500 
849037 
849040 
783505 
849043 
783510 
849048 
849050 
783515 
849052 
849054 
849057 
783524 
849061 
849065 
783529 
849069 
783534 
783539 
849076 
849080 
849084 
783548 
849088 
783553 
783558 
849095 
849099 
783563 
849103 
849107 
783572 
783577 
849114 
849118 
783582 
849122 
783587 
849126 
783596 
849133 
783601 
849138 
783606 
849143 
783611 
849148 
783620 
849157 
849160 
783624 
849163 
783628 
849166 
783632 
849171 
849174 
783639 
849177 
783643 
849180 
783647 
849185 
783651 
849188 
849191 
849194 
783658 
849199 
783663 
849202 
783668 
849205 
849208 
783673 
849213 
849215 
849217 
783682 
849219 
849222 
783687 
849226 
783692 
849230 
783697 
849234 
849241 
783706 
849245 
783711 
849249 
783716 
849253 
783721 
849260 
849263 
849266 
783730 
849269 
783735 
849274 
783740 
849278 
783745 
849282 
849286 
783754 
849293 
783759 
849296 
849299 
783764 
849302 
783769 
849307 
849310 
849313 
783778 
849316 
783783 
849321 
849323 
783788 
849325 
849327 
783793 
849330 
849334 
849338 
783802 
849342 
783807 
783812 
849349 
783817 
849354 
849359 
783826 
849364 
783831 
783836 
849373 
849377 
783841 
849381 
849385 
783850 
783855 
849392 
849396 
783860 
849400 
783865 
849404 
783874 
849411 
849415 
783879 
849419 
783884 
849423 
783889 
849430 
783898 
849435 
783903 
849440 
783908 
849445 
783913 
849454 
849457 
783922 
849460 
849463 
783927 
849468 
783932 
849472 
783937 
849476 
849480 
783946 
849487 
783951 
849492 
783956 
849497 
783961 
849502 
783970 
849511 
783975 
849513 
849515 
783980 
849517 
849520 
783985 
849523 
849526 
849529 
783994 
849534 
783998 
849537 
784002 
849540 
784006 
849543 
849548 
784013 
849550 
849552 
849554 
784018 
849557 
784023 
849561 
784028 
849565 
849569 
784037 
849576 
784042 
849579 
849582 
784047 
849585 
784052 
849590 
849592 
849594 
849596 
784061 
849599 
784066 
849603 
849607 
784071 
849611 
784076 
849618 
849621 
784085 
849624 
784090 
849627 
784095 
849632 
849635 
784100 
849638 
849641 
784109 
849646 
849649 
784114 
849652 
849655 
784119 
849660 
784124 
849662 
849664 
849666 
849669 
784133 
849673 
784138 
849677 
784143 
849681 
784148 
849688 
849693 
784157 
849698 
784162 
849703 
784167 
784172 
849712 
849716 
784181 
849720 
784185 
849724 
784189 
784193 
849731 
849735 
784200 
849739 
784204 
849743 
784208 
784212 
849750 
849754 
784219 
849758 
784223 
849762 
784227 
784231 
849769 
849774 
784238 
849779 
784243 
849784 
784248 
784253 
849793 
849798 
784262 
849803 
784267 
849808 
784272 
784277 
849817 
849820 
784286 
849823 
849826 
784291 
849831 
784296 
849834 
849837 
784301 
849840 
849845 
784310 
849848 
849851 
784315 
849854 
784320 
849859 
784325 
849862 
849865 
849868 
784334 
849873 
784339 
849876 
849879 
784344 
849882 
784349 
849887 
849889 
849891 
849893 
784358 
849896 
784363 
849900 
849904 
784368 
849908 
784373 
849915 
784382 
849919 
849923 
784387 
849927 
784392 
784397 
849934 
849937 
849940 
784406 
849943 
784411 
849948 
849952 
784416 
849956 
784421 
849960 
784430 
849967 
849970 
784435 
849973 
849976 
784440 
849981 
784445 
849984 
849987 
849990 
784454 
849995 
784459 
849997 
849999 
784464 
850001 
850004 
784469 
850008 
850012 
784478 
850016 
784483 
850023 
784488 
850028 
784493 
850033 
850038 
784502 
784507 
850047 
784512 
850051 
784517 
850055 
850059 
784526 
850066 
784531 
850070 
784536 
850074 
784541 
850078 
850085 
784550 
850088 
850091 
784555 
850094 
784560 
850099 
784565 
850102 
850105 
850108 
784574 
850113 
784579 
850117 
784584 
850121 
850125 
784589 
850132 
784598 
850137 
784603 
850142 
784608 
850147 
784613 
850156 
850158 
784622 
850160 
850162 
784627 
850165 
850168 
784632 
850171 
784637 
850174 
850179 
850182 
784646 
850185 
784651 
850188 
784656 
850193 
850195 
850197 
784661 
850199 
850202 
850206 
784670 
850210 
784675 
850214 
784680 
850221 
784685 
850224 
850227 
850230 
784694 
850235 
784699 
850239 
784704 
850243 
784709 
850247 
850254 
784718 
850257 
784723 
850260 
850263 
784728 
850268 
784733 
850272 
850276 
784742 
850280 
784746 
784750 
850287 
850290 
784754 
850293 
850296 
784761 
850301 
784766 
850304 
850307 
784771 
850310 
784776 
850315 
850317 
850319 
850321 
784785 
850324 
784789 
850328 
784793 
850332 
784797 
850336 
784804 
850343 
784808 
850347 
784812 
850351 
784816 
850355 
784823 
850362 
784828 
850366 
784833 
850370 
850374 
784838 
850381 
784847 
850385 
784851 
850389 
784855 
850393 
784859 
850400 
784866 
850404 
784870 
850408 
784874 
850412 
784878 
850419 
784885 
850422 
850425 
784890 
850428 
784895 
850433 
850436 
784900 
850439 
850442 
784909 
850447 
784913 
850450 
850453 
784917 
850456 
784921 
850461 
850464 
784928 
850467 
784932 
850470 
784936 
850475 
784940 
850477 
850479 
850481 
784947 
850484 
850487 
784952 
850490 
850493 
784957 
850498 
784962 
850502 
850506 
784971 
850510 
784975 
784979 
850517 
784983 
850520 
850523 
850526 
784990 
784994 
850531 
850534 
784998 
850537 
785002 
850540 
850545 
785009 
850548 
785014 
850551 
850554 
785019 
850559 
785024 
850561 
850563 
850565 
850568 
785033 
850571 
785037 
850574 
850577 
785041 
785045 
850582 
850587 
785052 
850592 
785056 
785060 
850597 
785064 
850606 
785071 
850610 
785076 
850614 
785081 
850618 
785086 
850625 
850629 
785095 
850633 
785099 
850637 
785103 
785107 
850644 
850646 
850648 
850650 
785114 
850653 
785118 
850656 
785122 
850659 
850662 
785126 
850667 
785133 
850671 
785138 
850675 
850679 
785143 
785148 
850686 
850690 
785157 
850694 
785161 
850698 
785165 
850705 
785169 
850708 
850711 
785176 
850714 
785180 
850719 
785184 
850724 
785188 
850729 
785195 
850734 
785199 
785203 
850743 
785207 
850747 
785214 
850751 
785217 
850755 
785220 
785223 
850762 
785228 
850766 
785231 
850770 
785234 
785237 
850774 
785242 
850781 
785247 
850784 
850787 
785252 
850790 
785257 
850795 
850799 
785266 
850803 
785270 
850807 
785274 
850814 
785278 
850818 
785285 
850822 
785288 
850826 
785291 
785294 
850833 
785299 
850836 
850839 
785304 
850842 
785309 
850847 
785314 
850851 
850855 
850859 
785323 
785329 
850866 
850870 
850874 
785340 
850878 
785344 
785348 
850885 
850888 
785352 
850891 
850894 
785359 
785362 
850899 
785365 
850903 
785368 
850907 
785373 
850911 
785378 
850918 
785383 
850922 
785388 
850926 
850930 
785397 
785400 
850937 
785403 
850940 
785406 
850943 
850946 
785411 
850951 
785415 
785418 
850955 
850959 
785423 
850963 
785429 
850970 
785434 
850974 
850978 
785443 
850982 
785446 
785449 
785452 
850989 
850992 
785457 
850995 
850998 
785462 
851003 
785467 
851007 
785472 
851011 
851015 
785481 
785485 
851022 
785489 
851026 
785493 
851030 
851034 
785500 
785503 
851041 
785506 
851044 
785509 
851047 
851050 
785514 
851055 
785519 
851059 
785524 
851063 
785529 
851067 
851074 
785538 
851078 
785542 
851082 
785547 
851086 
785552 
851093 
785557 
851096 
785562 
851099 
851102 
851107 
785571 
851111 
785575 
851115 
785579 
851119 
785583 
851126 
785590 
785593 
851130 
785596 
851134 
785599 
851138 
785604 
851145 
785609 
851148 
785614 
851151 
851154 
785619 
851159 
851163 
785628 
851167 
785631 
785634 
851171 
785637 
851178 
785642 
851182 
785646 
785649 
851186 
851190 
785654 
785659 
851197 
851200 
785664 
851203 
785669 
851206 
851211 
785678 
851215 
785681 
851219 
785684 
851223 
785687 
785692 
851230 
785697 
851234 
851238 
785702 
851242 
785707 
851249 
851252 
785716 
851255 
785720 
851258 
785724 
851263 
785728 
851267 
851271 
785735 
785738 
851275 
785741 
785744 
851282 
785749 
851286 
851290 
785754 
851294 
785759 
785764 
851301 
851304 
851307 
785773 
851310 
785776 
851315 
785779 
785782 
851319 
851323 
785787 
851327 
785792 
785797 
851334 
851338 
785802 
851342 
851346 
785811 
785815 
851353 
785819 
851356 
851359 
785823 
851362 
785830 
851367 
785833 
851371 
785836 
851375 
785839 
851379 
785844 
785849 
851386 
851390 
785854 
851394 
785859 
851398 
785868 
851405 
785871 
851408 
785874 
851411 
785877 
851414 
785882 
851419 
785885 
851423 
785888 
851427 
785891 
851431 
785896 
785901 
851438 
851442 
785906 
851446 
785911 
851450 
785920 
851457 
785923 
851460 
785926 
851463 
785929 
851466 
785934 
851471 
851475 
785939 
851479 
785944 
851483 
785949 
851490 
851494 
785958 
851498 
785962 
851502 
785966 
785970 
851509 
851512 
785977 
851515 
785980 
851518 
785983 
785986 
851523 
851527 
785991 
851531 
785996 
851535 
786001 
851542 
786006 
851546 
851550 
786015 
851554 
786018 
786021 
786024 
851561 
851564 
786029 
851567 
851570 
786034 
851575 
786039 
851579 
786044 
851583 
851587 
786053 
786057 
851594 
786061 
851598 
786065 
851602 
851606 
786072 
786075 
851613 
786078 
851616 
786081 
851619 
851622 
786086 
851627 
786091 
851631 
786096 
851635 
786101 
851639 
851646 
786110 
786113 
851650 
786116 
851654 
786119 
851658 
786124 
786127 
851665 
786130 
851668 
786133 
851671 
851674 
786138 
851679 
786143 
851683 
786148 
851687 
786153 
851691 
851698 
786162 
786165 
851702 
786168 
851706 
786171 
851710 
786176 
851717 
786181 
851720 
786186 
851723 
851726 
786191 
851731 
851734 
786200 
851737 
851740 
786204 
786208 
851745 
786212 
851749 
851753 
786219 
851757 
786222 
786225 
851764 
786228 
851768 
786233 
851772 
786238 
851776 
786243 
851783 
786248 
851786 
851789 
851792 
786257 
786260 
851797 
786263 
851801 
786266 
851805 
786271 
851809 
786276 
851816 
786281 
851820 
786286 
851824 
851828 
786295 
851835 
786299 
851838 
786303 
851841 
786307 
851844 
851849 
786314 
851853 
786317 
786320 
851857 
786323 
851861 
786328 
851868 
786333 
851872 
786338 
851876 
786343 
851880 
851887 
786352 
851890 
786355 
851893 
786358 
851896 
786361 
851901 
786366 
851905 
786369 
786372 
851909 
786375 
851913 
786380 
851920 
786385 
851924 
786390 
851928 
786395 
851932 
851939 
786404 
851942 
786407 
851945 
786410 
851948 
786413 
851953 
786418 
851957 
786423 
851961 
786428 
851965 
)

// ************************************************************************* //
